begin,v
2025-03-21T10:00+01:00,600
2025-03-21T10:01+01:00,599
2025-03-21T10:02+01:00,597
2025-03-21T10:03+01:00,595
2025-03-21T10:04+01:00,594
2025-03-21T10:05+01:00,592
2025-03-21T10:06+01:00,591
2025-03-21T10:07+01:00,590
2025-03-21T10:08+01:00,588
2025-03-21T10:09+01:00,586
2025-03-21T10:10+01:00,585
2025-03-21T10:11+01:00,583
2025-03-21T10:12+01:00,582
2025-03-21T10:13+01:00,580
2025-03-21T10:14+01:00,579
2025-03-21T10:15+01:00,577
2025-03-21T10:16+01:00,575
2025-03-21T10:17+01:00,574
2025-03-21T10:18+01:00,573
2025-03-21T10:19+01:00,571
2025-03-21T10:20+01:00,569
2025-03-21T10:21+01:00,567
2025-03-21T10:22+01:00,566
2025-03-21T10:23+01:00,565
2025-03-21T10:24+01:00,563
2025-03-21T10:25+01:00,562
2025-03-21T10:26+01:00,561
2025-03-21T10:27+01:00,559
2025-03-21T10:28+01:00,557
2025-03-21T10:29+01:00,556
2025-03-21T10:30+01:00,555
2025-03-21T10:31+01:00,553
2025-03-21T10:32+01:00,552
2025-03-21T10:33+01:00,550
2025-03-21T10:34+01:00,549
2025-03-21T10:35+01:00,548
2025-03-21T10:36+01:00,546
2025-03-21T10:37+01:00,545
2025-03-21T10:38+01:00,544
2025-03-21T10:39+01:00,542
2025-03-21T10:40+01:00,540
2025-03-21T10:41+01:00,539
2025-03-21T10:42+01:00,538
2025-03-21T10:43+01:00,537
2025-03-21T10:44+01:00,535
2025-03-21T10:45+01:00,534
2025-03-21T10:46+01:00,532
2025-03-21T10:47+01:00,532
2025-03-21T10:48+01:00,530
2025-03-21T10:49+01:00,529
2025-03-21T10:50+01:00,528
2025-03-21T10:51+01:00,526
2025-03-21T10:52+01:00,525
2025-03-21T10:53+01:00,523
2025-03-21T10:54+01:00,522
2025-03-21T10:55+01:00,521
2025-03-21T10:56+01:00,519
2025-03-21T10:57+01:00,518
2025-03-21T10:58+01:00,517
2025-03-21T10:59+01:00,515
2025-03-21T11:00+01:00,514
2025-03-21T11:01+01:00,513
2025-03-21T11:02+01:00,512
2025-03-21T11:03+01:00,511
2025-03-21T11:04+01:00,509
2025-03-21T11:05+01:00,508
2025-03-21T11:06+01:00,507
2025-03-21T11:07+01:00,506
2025-03-21T11:08+01:00,504
2025-03-21T11:09+01:00,503
2025-03-21T11:10+01:00,501
2025-03-21T11:11+01:00,501
2025-03-21T11:12+01:00,499
2025-03-21T11:13+01:00,498
2025-03-21T11:14+01:00,497
2025-03-21T11:15+01:00,496
2025-03-21T11:16+01:00,495
2025-03-21T11:17+01:00,493
2025-03-21T11:18+01:00,492
2025-03-21T11:19+01:00,491
2025-03-21T11:20+01:00,490
2025-03-21T11:21+01:00,488
2025-03-21T11:22+01:00,487
2025-03-21T11:23+01:00,486
2025-03-21T11:24+01:00,485
2025-03-21T11:25+01:00,484
2025-03-21T11:26+01:00,483
2025-03-21T11:27+01:00,482
2025-03-21T11:28+01:00,481
2025-03-21T11:29+01:00,480
2025-03-21T11:30+01:00,478
2025-03-21T11:31+01:00,477
2025-03-21T11:32+01:00,476
2025-03-21T11:33+01:00,475
2025-03-21T11:34+01:00,474
2025-03-21T11:35+01:00,473
2025-03-21T11:36+01:00,473
2025-03-21T11:37+01:00,471
2025-03-21T11:38+01:00,468
2025-03-21T11:39+01:00,468
2025-03-21T11:40+01:00,468
2025-03-21T11:41+01:00,467
2025-03-21T11:42+01:00,466
2025-03-21T11:43+01:00,464
2025-03-21T11:44+01:00,464
2025-03-21T11:45+01:00,462
2025-03-21T11:46+01:00,461
2025-03-21T11:47+01:00,460
2025-03-21T11:48+01:00,459
2025-03-21T11:49+01:00,458
2025-03-21T11:50+01:00,457
2025-03-21T11:51+01:00,456
2025-03-21T11:52+01:00,455
2025-03-21T11:53+01:00,454
2025-03-21T11:54+01:00,454
2025-03-21T11:55+01:00,452
2025-03-21T11:56+01:00,452
2025-03-21T11:57+01:00,450
2025-03-21T11:58+01:00,449
2025-03-21T11:59+01:00,448
2025-03-21T12:00+01:00,447
2025-03-21T12:01+01:00,446
2025-03-21T12:02+01:00,445
2025-03-21T12:03+01:00,445
2025-03-21T12:04+01:00,444
2025-03-21T12:05+01:00,443
2025-03-21T12:06+01:00,442
2025-03-21T12:07+01:00,441
2025-03-21T12:08+01:00,440
2025-03-21T12:09+01:00,439
2025-03-21T12:10+01:00,438
2025-03-21T12:11+01:00,438
2025-03-21T12:12+01:00,436
2025-03-21T12:13+01:00,435
2025-03-21T12:14+01:00,434
2025-03-21T12:15+01:00,434
2025-03-21T12:16+01:00,432
2025-03-21T12:17+01:00,432
2025-03-21T12:18+01:00,431
2025-03-21T12:19+01:00,431
2025-03-21T12:20+01:00,431
2025-03-21T12:21+01:00,429
2025-03-21T12:22+01:00,429
2025-03-21T12:23+01:00,427
2025-03-21T12:24+01:00,428
2025-03-21T12:25+01:00,428
2025-03-21T12:26+01:00,423
2025-03-21T12:27+01:00,422
2025-03-21T12:28+01:00,423
2025-03-21T12:29+01:00,424
2025-03-21T12:30+01:00,422
2025-03-21T12:31+01:00,422
2025-03-21T12:32+01:00,419
2025-03-21T12:33+01:00,420
2025-03-21T12:34+01:00,418
2025-03-21T12:35+01:00,418
2025-03-21T12:36+01:00,416
2025-03-21T12:37+01:00,416
2025-03-21T12:38+01:00,416
2025-03-21T12:39+01:00,415
2025-03-21T12:40+01:00,414
2025-03-21T12:41+01:00,413
2025-03-21T12:42+01:00,413
2025-03-21T12:43+01:00,411
2025-03-21T12:44+01:00,411
2025-03-21T12:45+01:00,410
2025-03-21T12:46+01:00,409
2025-03-21T12:47+01:00,408
2025-03-21T12:48+01:00,406
2025-03-21T12:49+01:00,405
2025-03-21T12:50+01:00,405
2025-03-21T12:51+01:00,404
2025-03-21T12:52+01:00,404
2025-03-21T12:53+01:00,403
2025-03-21T12:54+01:00,402
2025-03-21T12:55+01:00,401
2025-03-21T12:56+01:00,400
2025-03-21T12:57+01:00,399
2025-03-21T12:58+01:00,399
2025-03-21T12:59+01:00,398
2025-03-21T13:00+01:00,397
2025-03-21T13:01+01:00,396
2025-03-21T13:02+01:00,395
2025-03-21T13:03+01:00,394
2025-03-21T13:04+01:00,394
2025-03-21T13:05+01:00,393
2025-03-21T13:06+01:00,393
2025-03-21T13:07+01:00,391
2025-03-21T13:08+01:00,391
2025-03-21T13:09+01:00,389
2025-03-21T13:10+01:00,389
2025-03-21T13:11+01:00,389
2025-03-21T13:12+01:00,388
2025-03-21T13:13+01:00,387
2025-03-21T13:14+01:00,386
2025-03-21T13:15+01:00,385
2025-03-21T13:16+01:00,384
2025-03-21T13:17+01:00,384
2025-03-21T13:18+01:00,383
2025-03-21T13:19+01:00,383
2025-03-21T13:20+01:00,382
2025-03-21T13:21+01:00,382
2025-03-21T13:22+01:00,381
2025-03-21T13:23+01:00,380
2025-03-21T13:24+01:00,378
2025-03-21T13:25+01:00,378
2025-03-21T13:26+01:00,377
2025-03-21T13:27+01:00,376
2025-03-21T13:28+01:00,375
2025-03-21T13:29+01:00,374
2025-03-21T13:30+01:00,373
2025-03-21T13:31+01:00,373
2025-03-21T13:32+01:00,373
2025-03-21T13:33+01:00,372
2025-03-21T13:34+01:00,371
2025-03-21T13:35+01:00,370
2025-03-21T13:36+01:00,369
2025-03-21T13:37+01:00,368
2025-03-21T13:38+01:00,367
2025-03-21T13:39+01:00,367
2025-03-21T13:40+01:00,366
2025-03-21T13:41+01:00,366
2025-03-21T13:42+01:00,365
2025-03-21T13:43+01:00,364
2025-03-21T13:44+01:00,363
2025-03-21T13:45+01:00,362
2025-03-21T13:46+01:00,362
2025-03-21T13:47+01:00,362
2025-03-21T13:48+01:00,360
2025-03-21T13:49+01:00,360
2025-03-21T13:50+01:00,359
2025-03-21T13:51+01:00,358
2025-03-21T13:52+01:00,357
2025-03-21T13:53+01:00,357
2025-03-21T13:54+01:00,356
2025-03-21T13:55+01:00,356
2025-03-21T13:56+01:00,355
2025-03-21T13:57+01:00,354
2025-03-21T13:58+01:00,353
2025-03-21T13:59+01:00,353
2025-03-21T14:00+01:00,352
2025-03-21T14:01+01:00,351
2025-03-21T14:02+01:00,351
2025-03-21T14:03+01:00,350
2025-03-21T14:04+01:00,349
2025-03-21T14:05+01:00,348
2025-03-21T14:06+01:00,348
2025-03-21T14:07+01:00,347
2025-03-21T14:08+01:00,346
2025-03-21T14:09+01:00,345
2025-03-21T14:10+01:00,345
2025-03-21T14:11+01:00,344
2025-03-21T14:12+01:00,343
2025-03-21T14:13+01:00,342
2025-03-21T14:14+01:00,342
2025-03-21T14:15+01:00,342
2025-03-21T14:16+01:00,341
2025-03-21T14:17+01:00,340
2025-03-21T14:18+01:00,339
2025-03-21T14:19+01:00,338
2025-03-21T14:20+01:00,337
2025-03-21T14:21+01:00,337
2025-03-21T14:22+01:00,336
2025-03-21T14:23+01:00,336
2025-03-21T14:24+01:00,336
2025-03-21T14:25+01:00,335
2025-03-21T14:26+01:00,335
2025-03-21T14:27+01:00,334
2025-03-21T14:28+01:00,333
2025-03-21T14:29+01:00,332
2025-03-21T14:30+01:00,331
2025-03-21T14:31+01:00,330
2025-03-21T14:32+01:00,330
2025-03-21T14:33+01:00,329
2025-03-21T14:34+01:00,329
2025-03-21T14:35+01:00,329
2025-03-21T14:36+01:00,329
2025-03-21T14:37+01:00,328
2025-03-21T14:38+01:00,328
2025-03-21T14:39+01:00,327
2025-03-21T14:40+01:00,326
2025-03-21T14:41+01:00,326
2025-03-21T14:42+01:00,325
2025-03-21T14:43+01:00,325
2025-03-21T14:44+01:00,324
2025-03-21T14:45+01:00,324
2025-03-21T14:46+01:00,324
2025-03-21T14:47+01:00,323
2025-03-21T14:48+01:00,323
2025-03-21T14:49+01:00,323
2025-03-21T14:50+01:00,322
2025-03-21T14:51+01:00,322
2025-03-21T14:52+01:00,321
2025-03-21T14:53+01:00,321
2025-03-21T14:54+01:00,320
2025-03-21T14:55+01:00,320
2025-03-21T14:56+01:00,320
2025-03-21T14:57+01:00,319
2025-03-21T14:58+01:00,319
2025-03-21T14:59+01:00,318
2025-03-21T15:00+01:00,318
2025-03-21T15:01+01:00,318
2025-03-21T15:02+01:00,318
2025-03-21T15:03+01:00,318
2025-03-21T15:04+01:00,317
2025-03-21T15:05+01:00,317
2025-03-21T15:06+01:00,317
2025-03-21T15:07+01:00,317
2025-03-21T15:08+01:00,316
2025-03-21T15:09+01:00,316
2025-03-21T15:10+01:00,316
2025-03-21T15:11+01:00,316
2025-03-21T15:12+01:00,316
2025-03-21T15:13+01:00,315
2025-03-21T15:14+01:00,315
2025-03-21T15:15+01:00,315
2025-03-21T15:16+01:00,315
2025-03-21T15:17+01:00,316
2025-03-21T15:18+01:00,316
2025-03-21T15:19+01:00,316
2025-03-21T15:20+01:00,317
2025-03-21T15:21+01:00,317
2025-03-21T15:22+01:00,317
2025-03-21T15:23+01:00,318
2025-03-21T15:24+01:00,318
2025-03-21T15:25+01:00,318
2025-03-21T15:26+01:00,319
2025-03-21T15:27+01:00,320
2025-03-21T15:28+01:00,321
2025-03-21T15:29+01:00,322
2025-03-21T15:30+01:00,324
2025-03-21T15:31+01:00,325
2025-03-21T15:32+01:00,327
2025-03-21T15:33+01:00,328
2025-03-21T15:34+01:00,330
2025-03-21T15:35+01:00,332
2025-03-21T15:36+01:00,334
2025-03-21T15:37+01:00,336
2025-03-21T15:38+01:00,338
2025-03-21T15:39+01:00,340
2025-03-21T15:40+01:00,343
2025-03-21T15:41+01:00,346
2025-03-21T15:42+01:00,348
2025-03-21T15:43+01:00,352
2025-03-21T15:44+01:00,355
2025-03-21T15:45+01:00,358
2025-03-21T15:46+01:00,361
2025-03-21T15:47+01:00,364
2025-03-21T15:48+01:00,367
2025-03-21T15:49+01:00,370
2025-03-21T15:50+01:00,373
2025-03-21T15:51+01:00,376
2025-03-21T15:52+01:00,379
2025-03-21T15:53+01:00,383
2025-03-21T15:54+01:00,386
2025-03-21T15:55+01:00,390
2025-03-21T15:56+01:00,393
2025-03-21T15:57+01:00,395
2025-03-21T15:58+01:00,399
2025-03-21T15:59+01:00,402
2025-03-21T16:00+01:00,405
2025-03-21T16:01+01:00,408
2025-03-21T16:02+01:00,411
2025-03-21T16:03+01:00,413
2025-03-21T16:04+01:00,416
2025-03-21T16:05+01:00,418
2025-03-21T16:06+01:00,421
2025-03-21T16:07+01:00,422
2025-03-21T16:08+01:00,426
2025-03-21T16:09+01:00,428
2025-03-21T16:10+01:00,431
2025-03-21T16:11+01:00,432
2025-03-21T16:12+01:00,434
2025-03-21T16:13+01:00,436
2025-03-21T16:14+01:00,439
2025-03-21T16:15+01:00,440
2025-03-21T16:16+01:00,443
2025-03-21T16:17+01:00,444
2025-03-21T16:18+01:00,447
2025-03-21T16:19+01:00,449
2025-03-21T16:20+01:00,451
2025-03-21T16:21+01:00,453
2025-03-21T16:22+01:00,455
2025-03-21T16:23+01:00,456
2025-03-21T16:24+01:00,458
2025-03-21T16:25+01:00,460
2025-03-21T16:26+01:00,462
2025-03-21T16:27+01:00,464
2025-03-21T16:28+01:00,466
2025-03-21T16:29+01:00,468
2025-03-21T16:30+01:00,470
2025-03-21T16:31+01:00,472
2025-03-21T16:32+01:00,474
2025-03-21T16:33+01:00,477
2025-03-21T16:34+01:00,479
2025-03-21T16:35+01:00,481
2025-03-21T16:36+01:00,483
2025-03-21T16:37+01:00,485
2025-03-21T16:38+01:00,488
2025-03-21T16:39+01:00,490
2025-03-21T16:40+01:00,493
2025-03-21T16:41+01:00,495
2025-03-21T16:42+01:00,497
2025-03-21T16:43+01:00,499
2025-03-21T16:44+01:00,502
2025-03-21T16:45+01:00,504
2025-03-21T16:46+01:00,507
2025-03-21T16:47+01:00,510
2025-03-21T16:48+01:00,511
2025-03-21T16:49+01:00,514
2025-03-21T16:50+01:00,515
2025-03-21T16:51+01:00,517
2025-03-21T16:52+01:00,519
2025-03-21T16:53+01:00,521
2025-03-21T16:54+01:00,523
2025-03-21T16:55+01:00,525
2025-03-21T16:56+01:00,527
2025-03-21T16:57+01:00,528
2025-03-21T16:58+01:00,529
2025-03-21T16:59+01:00,531
2025-03-21T17:00+01:00,532
2025-03-21T17:01+01:00,534
2025-03-21T17:02+01:00,536
2025-03-21T17:03+01:00,537
2025-03-21T17:04+01:00,539
2025-03-21T17:05+01:00,540
2025-03-21T17:06+01:00,542
2025-03-21T17:07+01:00,544
2025-03-21T17:08+01:00,545
2025-03-21T17:09+01:00,547
2025-03-21T17:10+01:00,547
2025-03-21T17:11+01:00,548
2025-03-21T17:12+01:00,549
2025-03-21T17:13+01:00,551
2025-03-21T17:14+01:00,552
2025-03-21T17:15+01:00,553
2025-03-21T17:16+01:00,554
2025-03-21T17:17+01:00,555
2025-03-21T17:18+01:00,557
2025-03-21T17:19+01:00,558
2025-03-21T17:20+01:00,559
2025-03-21T17:21+01:00,561
2025-03-21T17:22+01:00,562
2025-03-21T17:23+01:00,563
2025-03-21T17:24+01:00,564
2025-03-21T17:25+01:00,565
2025-03-21T17:26+01:00,566
2025-03-21T17:27+01:00,568
2025-03-21T17:28+01:00,569
2025-03-21T17:29+01:00,571
2025-03-21T17:30+01:00,572
2025-03-21T17:31+01:00,573
2025-03-21T17:32+01:00,574
2025-03-21T17:33+01:00,574
2025-03-21T17:34+01:00,575
2025-03-21T17:35+01:00,576
2025-03-21T17:36+01:00,577
2025-03-21T17:37+01:00,578
2025-03-21T17:38+01:00,579
2025-03-21T17:39+01:00,580
2025-03-21T17:40+01:00,581
2025-03-21T17:41+01:00,582
2025-03-21T17:42+01:00,583
2025-03-21T17:43+01:00,584
2025-03-21T17:44+01:00,584
2025-03-21T17:45+01:00,585
2025-03-21T17:46+01:00,586
2025-03-21T17:47+01:00,587
2025-03-21T17:48+01:00,588
2025-03-21T17:49+01:00,589
2025-03-21T17:50+01:00,590
2025-03-21T17:51+01:00,591
2025-03-21T17:52+01:00,591
2025-03-21T17:53+01:00,592
2025-03-21T17:54+01:00,594
2025-03-21T17:55+01:00,595
2025-03-21T17:56+01:00,596
2025-03-21T17:57+01:00,597
2025-03-21T17:58+01:00,598
2025-03-21T17:59+01:00,598
2025-03-21T18:00+01:00,599
2025-03-21T18:01+01:00,600
2025-03-21T18:02+01:00,601
2025-03-21T18:03+01:00,600
2025-03-21T18:04+01:00,601
2025-03-21T18:05+01:00,602
2025-03-21T18:06+01:00,604
2025-03-21T18:07+01:00,606
2025-03-21T18:08+01:00,605
2025-03-21T18:09+01:00,606
2025-03-21T18:10+01:00,607
2025-03-21T18:11+01:00,608
2025-03-21T18:12+01:00,609
2025-03-21T18:13+01:00,610
2025-03-21T18:14+01:00,611
2025-03-21T18:15+01:00,612
2025-03-21T18:16+01:00,613
2025-03-21T18:17+01:00,614
2025-03-21T18:18+01:00,615
2025-03-21T18:19+01:00,615
2025-03-21T18:20+01:00,615
2025-03-21T18:21+01:00,616
2025-03-21T18:22+01:00,617
2025-03-21T18:23+01:00,618
2025-03-21T18:24+01:00,618
2025-03-21T18:25+01:00,619
2025-03-21T18:26+01:00,620
2025-03-21T18:27+01:00,620
2025-03-21T18:28+01:00,621
2025-03-21T18:29+01:00,622
2025-03-21T18:30+01:00,623
2025-03-21T18:31+01:00,624
2025-03-21T18:32+01:00,624
2025-03-21T18:33+01:00,625
2025-03-21T18:34+01:00,626
2025-03-21T18:35+01:00,627
2025-03-21T18:36+01:00,627
2025-03-21T18:37+01:00,628
2025-03-21T18:38+01:00,628
2025-03-21T18:39+01:00,629
2025-03-21T18:40+01:00,630
2025-03-21T18:41+01:00,631
2025-03-21T18:42+01:00,631
2025-03-21T18:43+01:00,631
2025-03-21T18:44+01:00,631
2025-03-21T18:45+01:00,632
2025-03-21T18:46+01:00,633
2025-03-21T18:47+01:00,634
2025-03-21T18:48+01:00,634
2025-03-21T18:49+01:00,635
2025-03-21T18:50+01:00,636
2025-03-21T18:51+01:00,636
2025-03-21T18:52+01:00,637
2025-03-21T18:53+01:00,637
2025-03-21T18:54+01:00,638
2025-03-21T18:55+01:00,638
2025-03-21T18:56+01:00,639
2025-03-21T18:57+01:00,640
2025-03-21T18:58+01:00,641
2025-03-21T18:59+01:00,641
2025-03-21T19:00+01:00,642
2025-03-21T19:01+01:00,643
2025-03-21T19:02+01:00,643
2025-03-21T19:03+01:00,644
2025-03-21T19:04+01:00,644
2025-03-21T19:05+01:00,645
2025-03-21T19:06+01:00,645
2025-03-21T19:07+01:00,646
2025-03-21T19:08+01:00,647
2025-03-21T19:09+01:00,647
2025-03-21T19:10+01:00,648
2025-03-21T19:11+01:00,648
2025-03-21T19:12+01:00,649
2025-03-21T19:13+01:00,650
2025-03-21T19:14+01:00,650
2025-03-21T19:15+01:00,651
2025-03-21T19:16+01:00,651
2025-03-21T19:17+01:00,652
2025-03-21T19:18+01:00,653
2025-03-21T19:19+01:00,653
2025-03-21T19:20+01:00,654
2025-03-21T19:21+01:00,654
2025-03-21T19:22+01:00,655
2025-03-21T19:23+01:00,655
2025-03-21T19:24+01:00,656
2025-03-21T19:25+01:00,656
2025-03-21T19:26+01:00,656
2025-03-21T19:27+01:00,657
2025-03-21T19:28+01:00,657
2025-03-21T19:29+01:00,658
2025-03-21T19:30+01:00,658
2025-03-21T19:31+01:00,659
2025-03-21T19:32+01:00,659
2025-03-21T19:33+01:00,659
2025-03-21T19:34+01:00,660
2025-03-21T19:35+01:00,660
2025-03-21T19:36+01:00,661
2025-03-21T19:37+01:00,661
2025-03-21T19:38+01:00,662
2025-03-21T19:39+01:00,662
2025-03-21T19:40+01:00,663
2025-03-21T19:41+01:00,663
2025-03-21T19:42+01:00,664
2025-03-21T19:43+01:00,664
2025-03-21T19:44+01:00,664
2025-03-21T19:45+01:00,665
2025-03-21T19:46+01:00,666
2025-03-21T19:47+01:00,666
2025-03-21T19:48+01:00,666
2025-03-21T19:49+01:00,667
2025-03-21T19:50+01:00,667
2025-03-21T19:51+01:00,667
2025-03-21T19:52+01:00,667
2025-03-21T19:53+01:00,668
2025-03-21T19:54+01:00,668
2025-03-21T19:55+01:00,668
2025-03-21T19:56+01:00,669
2025-03-21T19:57+01:00,669
2025-03-21T19:58+01:00,669
2025-03-21T19:59+01:00,669
2025-03-21T20:00+01:00,670
2025-03-21T20:01+01:00,670
2025-03-21T20:02+01:00,670
2025-03-21T20:03+01:00,670
2025-03-21T20:04+01:00,671
2025-03-21T20:05+01:00,671
2025-03-21T20:06+01:00,671
2025-03-21T20:07+01:00,671
2025-03-21T20:08+01:00,672
2025-03-21T20:09+01:00,672
2025-03-21T20:10+01:00,672
2025-03-21T20:11+01:00,672
2025-03-21T20:12+01:00,672
2025-03-21T20:13+01:00,672
2025-03-21T20:14+01:00,672
2025-03-21T20:15+01:00,673
2025-03-21T20:16+01:00,673
2025-03-21T20:17+01:00,673
2025-03-21T20:18+01:00,673
2025-03-21T20:19+01:00,673
2025-03-21T20:20+01:00,673
2025-03-21T20:21+01:00,674
2025-03-21T20:22+01:00,674
2025-03-21T20:23+01:00,674
2025-03-21T20:24+01:00,674
2025-03-21T20:25+01:00,674
2025-03-21T20:26+01:00,674
2025-03-21T20:27+01:00,674
2025-03-21T20:28+01:00,674
2025-03-21T20:29+01:00,674
2025-03-21T20:30+01:00,674
2025-03-21T20:31+01:00,674
2025-03-21T20:32+01:00,673
2025-03-21T20:33+01:00,673
2025-03-21T20:34+01:00,673
2025-03-21T20:35+01:00,673
2025-03-21T20:36+01:00,673
2025-03-21T20:37+01:00,673
2025-03-21T20:38+01:00,673
2025-03-21T20:39+01:00,672
2025-03-21T20:40+01:00,672
2025-03-21T20:41+01:00,672
2025-03-21T20:42+01:00,671
2025-03-21T20:43+01:00,671
2025-03-21T20:44+01:00,670
2025-03-21T20:45+01:00,670
2025-03-21T20:46+01:00,670
2025-03-21T20:47+01:00,669
2025-03-21T20:48+01:00,669
2025-03-21T20:49+01:00,669
2025-03-21T20:50+01:00,668
2025-03-21T20:51+01:00,668
2025-03-21T20:52+01:00,668
2025-03-21T20:53+01:00,667
2025-03-21T20:54+01:00,667
2025-03-21T20:55+01:00,666
2025-03-21T20:56+01:00,665
2025-03-21T20:57+01:00,664
2025-03-21T20:58+01:00,664
2025-03-21T20:59+01:00,663
2025-03-21T21:00+01:00,663
2025-03-21T21:01+01:00,662
2025-03-21T21:02+01:00,661
2025-03-21T21:03+01:00,661
2025-03-21T21:04+01:00,660
2025-03-21T21:05+01:00,659
2025-03-21T21:06+01:00,659
2025-03-21T21:07+01:00,658
2025-03-21T21:08+01:00,657
2025-03-21T21:09+01:00,657
2025-03-21T21:10+01:00,656
2025-03-21T21:11+01:00,655
2025-03-21T21:12+01:00,654
2025-03-21T21:13+01:00,653
2025-03-21T21:14+01:00,652
2025-03-21T21:15+01:00,651
2025-03-21T21:16+01:00,650
2025-03-21T21:17+01:00,649
2025-03-21T21:18+01:00,648
2025-03-21T21:19+01:00,647
2025-03-21T21:20+01:00,646
2025-03-21T21:21+01:00,645
2025-03-21T21:22+01:00,644
2025-03-21T21:23+01:00,643
2025-03-21T21:24+01:00,642
2025-03-21T21:25+01:00,641
2025-03-21T21:26+01:00,640
2025-03-21T21:27+01:00,638
2025-03-21T21:28+01:00,637
2025-03-21T21:29+01:00,636
2025-03-21T21:30+01:00,635
2025-03-21T21:31+01:00,634
2025-03-21T21:32+01:00,632
2025-03-21T21:33+01:00,631
2025-03-21T21:34+01:00,630
2025-03-21T21:35+01:00,629
2025-03-21T21:36+01:00,628
2025-03-21T21:37+01:00,626
2025-03-21T21:38+01:00,625
2025-03-21T21:39+01:00,624
2025-03-21T21:40+01:00,623
2025-03-21T21:41+01:00,622
2025-03-21T21:42+01:00,620
2025-03-21T21:43+01:00,619
2025-03-21T21:44+01:00,617
2025-03-21T21:45+01:00,616
2025-03-21T21:46+01:00,614
2025-03-21T21:47+01:00,613
2025-03-21T21:48+01:00,612
2025-03-21T21:49+01:00,610
2025-03-21T21:50+01:00,609
2025-03-21T21:51+01:00,607
2025-03-21T21:52+01:00,606
2025-03-21T21:53+01:00,605
2025-03-21T21:54+01:00,604
2025-03-21T21:55+01:00,602
2025-03-21T21:56+01:00,601
2025-03-21T21:57+01:00,599
2025-03-21T21:58+01:00,598
2025-03-21T21:59+01:00,596
2025-03-21T22:00+01:00,595
2025-03-21T22:01+01:00,593
2025-03-21T22:02+01:00,592
2025-03-21T22:03+01:00,591
2025-03-21T22:04+01:00,589
2025-03-21T22:05+01:00,587
2025-03-21T22:06+01:00,586
2025-03-21T22:07+01:00,585
2025-03-21T22:08+01:00,584
2025-03-21T22:09+01:00,582
2025-03-21T22:10+01:00,580
2025-03-21T22:11+01:00,579
2025-03-21T22:12+01:00,577
2025-03-21T22:13+01:00,576
2025-03-21T22:14+01:00,575
2025-03-21T22:15+01:00,573
2025-03-21T22:16+01:00,572
2025-03-21T22:17+01:00,570
2025-03-21T22:18+01:00,568
2025-03-21T22:19+01:00,567
2025-03-21T22:20+01:00,565
2025-03-21T22:21+01:00,563
2025-03-21T22:22+01:00,562
2025-03-21T22:23+01:00,560
2025-03-21T22:24+01:00,559
2025-03-21T22:25+01:00,557
2025-03-21T22:26+01:00,556
2025-03-21T22:27+01:00,554
2025-03-21T22:28+01:00,553
2025-03-21T22:29+01:00,552
2025-03-21T22:30+01:00,550
2025-03-21T22:31+01:00,548
2025-03-21T22:32+01:00,547
2025-03-21T22:33+01:00,545
2025-03-21T22:34+01:00,544
2025-03-21T22:35+01:00,543
2025-03-21T22:36+01:00,541
2025-03-21T22:37+01:00,539
2025-03-21T22:38+01:00,538
2025-03-21T22:39+01:00,536
2025-03-21T22:40+01:00,535
2025-03-21T22:41+01:00,533
2025-03-21T22:42+01:00,532
2025-03-21T22:43+01:00,531
2025-03-21T22:44+01:00,529
2025-03-21T22:45+01:00,528
2025-03-21T22:46+01:00,526
2025-03-21T22:47+01:00,525
2025-03-21T22:48+01:00,523
2025-03-21T22:49+01:00,522
2025-03-21T22:50+01:00,520
2025-03-21T22:51+01:00,519
2025-03-21T22:52+01:00,517
2025-03-21T22:53+01:00,516
2025-03-21T22:54+01:00,516
2025-03-21T22:55+01:00,514
2025-03-21T22:56+01:00,513
2025-03-21T22:57+01:00,511
2025-03-21T22:58+01:00,509
2025-03-21T22:59+01:00,508
2025-03-21T23:00+01:00,507
2025-03-21T23:01+01:00,505
2025-03-21T23:02+01:00,504
2025-03-21T23:03+01:00,502
2025-03-21T23:04+01:00,501
2025-03-21T23:05+01:00,500
2025-03-21T23:06+01:00,498
2025-03-21T23:07+01:00,496
2025-03-21T23:08+01:00,496
2025-03-21T23:09+01:00,494
2025-03-21T23:10+01:00,493
2025-03-21T23:11+01:00,492
2025-03-21T23:12+01:00,491
2025-03-21T23:13+01:00,490
2025-03-21T23:14+01:00,490
2025-03-21T23:15+01:00,488
2025-03-21T23:16+01:00,486
2025-03-21T23:17+01:00,484
2025-03-21T23:18+01:00,482
2025-03-21T23:19+01:00,482
2025-03-21T23:20+01:00,480
2025-03-21T23:21+01:00,479
2025-03-21T23:22+01:00,478
2025-03-21T23:23+01:00,478
2025-03-21T23:24+01:00,476
2025-03-21T23:25+01:00,475
2025-03-21T23:26+01:00,474
2025-03-21T23:27+01:00,473
2025-03-21T23:28+01:00,472
2025-03-21T23:29+01:00,471
2025-03-21T23:30+01:00,470
2025-03-21T23:31+01:00,469
2025-03-21T23:32+01:00,468
2025-03-21T23:33+01:00,466
2025-03-21T23:34+01:00,465
2025-03-21T23:35+01:00,463
2025-03-21T23:36+01:00,462
2025-03-21T23:37+01:00,461
2025-03-21T23:38+01:00,460
2025-03-21T23:39+01:00,459
2025-03-21T23:40+01:00,458
2025-03-21T23:41+01:00,457
2025-03-21T23:42+01:00,456
2025-03-21T23:43+01:00,455
2025-03-21T23:44+01:00,454
2025-03-21T23:45+01:00,452
2025-03-21T23:46+01:00,451
2025-03-21T23:47+01:00,450
2025-03-21T23:48+01:00,449
2025-03-21T23:49+01:00,448
2025-03-21T23:50+01:00,447
2025-03-21T23:51+01:00,446
2025-03-21T23:52+01:00,444
2025-03-21T23:53+01:00,443
2025-03-21T23:54+01:00,442
2025-03-21T23:55+01:00,441
2025-03-21T23:56+01:00,441
2025-03-21T23:57+01:00,440
2025-03-21T23:58+01:00,439
2025-03-21T23:59+01:00,438
2025-03-22T00:00+01:00,437
2025-03-22T00:01+01:00,436
2025-03-22T00:02+01:00,435
2025-03-22T00:03+01:00,434
2025-03-22T00:04+01:00,433
2025-03-22T00:05+01:00,432
2025-03-22T00:06+01:00,431
2025-03-22T00:07+01:00,430
2025-03-22T00:08+01:00,429
2025-03-22T00:09+01:00,428
2025-03-22T00:10+01:00,427
2025-03-22T00:11+01:00,426
2025-03-22T00:12+01:00,425
2025-03-22T00:13+01:00,424
2025-03-22T00:14+01:00,423
2025-03-22T00:15+01:00,422
2025-03-22T00:16+01:00,422
2025-03-22T00:17+01:00,421
2025-03-22T00:18+01:00,420
2025-03-22T00:19+01:00,419
2025-03-22T00:20+01:00,418
2025-03-22T00:21+01:00,417
2025-03-22T00:22+01:00,417
2025-03-22T00:23+01:00,415
2025-03-22T00:24+01:00,415
2025-03-22T00:25+01:00,414
2025-03-22T00:26+01:00,413
2025-03-22T00:27+01:00,412
2025-03-22T00:28+01:00,412
2025-03-22T00:29+01:00,411
2025-03-22T00:30+01:00,410
2025-03-22T00:31+01:00,409
2025-03-22T00:32+01:00,408
2025-03-22T00:33+01:00,406
2025-03-22T00:34+01:00,406
2025-03-22T00:35+01:00,405
2025-03-22T00:36+01:00,403
2025-03-22T00:37+01:00,404
2025-03-22T00:38+01:00,402
2025-03-22T00:39+01:00,402
2025-03-22T00:40+01:00,402
2025-03-22T00:41+01:00,399
2025-03-22T00:42+01:00,398
2025-03-22T00:43+01:00,395
2025-03-22T00:44+01:00,395
2025-03-22T00:45+01:00,393
2025-03-22T00:46+01:00,393
2025-03-22T00:47+01:00,393
2025-03-22T00:48+01:00,391
2025-03-22T00:49+01:00,393
2025-03-22T00:50+01:00,391
2025-03-22T00:51+01:00,390
2025-03-22T00:52+01:00,390
2025-03-22T00:53+01:00,388
2025-03-22T00:54+01:00,388
2025-03-22T00:55+01:00,386
2025-03-22T00:56+01:00,386
2025-03-22T00:57+01:00,385
2025-03-22T00:58+01:00,383
2025-03-22T00:59+01:00,383
2025-03-22T01:00+01:00,381
2025-03-22T01:01+01:00,381
2025-03-22T01:02+01:00,380
2025-03-22T01:03+01:00,378
2025-03-22T01:04+01:00,378
2025-03-22T01:05+01:00,378
2025-03-22T01:06+01:00,378
2025-03-22T01:07+01:00,378
2025-03-22T01:08+01:00,377
2025-03-22T01:09+01:00,376
2025-03-22T01:10+01:00,374
2025-03-22T01:11+01:00,374
2025-03-22T01:12+01:00,373
2025-03-22T01:13+01:00,372
2025-03-22T01:14+01:00,371
2025-03-22T01:15+01:00,370
2025-03-22T01:16+01:00,370
2025-03-22T01:17+01:00,369
2025-03-22T01:18+01:00,368
2025-03-22T01:19+01:00,368
2025-03-22T01:20+01:00,367
2025-03-22T01:21+01:00,367
2025-03-22T01:22+01:00,366
2025-03-22T01:23+01:00,365
2025-03-22T01:24+01:00,364
2025-03-22T01:25+01:00,363
2025-03-22T01:26+01:00,363
2025-03-22T01:27+01:00,362
2025-03-22T01:28+01:00,361
2025-03-22T01:29+01:00,360
2025-03-22T01:30+01:00,358
2025-03-22T01:31+01:00,357
2025-03-22T01:32+01:00,356
2025-03-22T01:33+01:00,355
2025-03-22T01:34+01:00,354
2025-03-22T01:35+01:00,353
2025-03-22T01:36+01:00,352
2025-03-22T01:37+01:00,352
2025-03-22T01:38+01:00,351
2025-03-22T01:39+01:00,351
2025-03-22T01:40+01:00,350
2025-03-22T01:41+01:00,350
2025-03-22T01:42+01:00,349
2025-03-22T01:43+01:00,348
2025-03-22T01:44+01:00,347
2025-03-22T01:45+01:00,345
2025-03-22T01:46+01:00,344
2025-03-22T01:47+01:00,344
2025-03-22T01:48+01:00,342
2025-03-22T01:49+01:00,342
2025-03-22T01:50+01:00,342
2025-03-22T01:51+01:00,340
2025-03-22T01:52+01:00,340
2025-03-22T01:53+01:00,339
2025-03-22T01:54+01:00,338
2025-03-22T01:55+01:00,337
2025-03-22T01:56+01:00,337
2025-03-22T01:57+01:00,336
2025-03-22T01:58+01:00,335
2025-03-22T01:59+01:00,335
2025-03-22T02:00+01:00,334
2025-03-22T02:01+01:00,333
2025-03-22T02:02+01:00,333
2025-03-22T02:03+01:00,332
2025-03-22T02:04+01:00,332
2025-03-22T02:05+01:00,331
2025-03-22T02:06+01:00,329
2025-03-22T02:07+01:00,328
2025-03-22T02:08+01:00,326
2025-03-22T02:09+01:00,325
2025-03-22T02:10+01:00,324
2025-03-22T02:11+01:00,323
2025-03-22T02:12+01:00,323
2025-03-22T02:13+01:00,323
2025-03-22T02:14+01:00,324
2025-03-22T02:15+01:00,323
2025-03-22T02:16+01:00,322
2025-03-22T02:17+01:00,322
2025-03-22T02:18+01:00,321
2025-03-22T02:19+01:00,319
2025-03-22T02:20+01:00,318
2025-03-22T02:21+01:00,317
2025-03-22T02:22+01:00,317
2025-03-22T02:23+01:00,316
2025-03-22T02:24+01:00,316
2025-03-22T02:25+01:00,316
2025-03-22T02:26+01:00,316
2025-03-22T02:27+01:00,315
2025-03-22T02:28+01:00,314
2025-03-22T02:29+01:00,313
2025-03-22T02:30+01:00,312
2025-03-22T02:31+01:00,311
2025-03-22T02:32+01:00,310
2025-03-22T02:33+01:00,309
2025-03-22T02:34+01:00,309
2025-03-22T02:35+01:00,308
2025-03-22T02:36+01:00,307
2025-03-22T02:37+01:00,307
2025-03-22T02:38+01:00,306
2025-03-22T02:39+01:00,306
2025-03-22T02:40+01:00,305
2025-03-22T02:41+01:00,305
2025-03-22T02:42+01:00,305
2025-03-22T02:43+01:00,304
2025-03-22T02:44+01:00,304
2025-03-22T02:45+01:00,303
2025-03-22T02:46+01:00,302
2025-03-22T02:47+01:00,302
2025-03-22T02:48+01:00,301
2025-03-22T02:49+01:00,301
2025-03-22T02:50+01:00,301
2025-03-22T02:51+01:00,300
2025-03-22T02:52+01:00,298
2025-03-22T02:53+01:00,298
2025-03-22T02:54+01:00,297
2025-03-22T02:55+01:00,296
2025-03-22T02:56+01:00,296
2025-03-22T02:57+01:00,296
2025-03-22T02:58+01:00,295
2025-03-22T02:59+01:00,294
2025-03-22T03:00+01:00,293
2025-03-22T03:01+01:00,292
2025-03-22T03:02+01:00,292
2025-03-22T03:03+01:00,292
2025-03-22T03:04+01:00,292
2025-03-22T03:05+01:00,291
2025-03-22T03:06+01:00,291
2025-03-22T03:07+01:00,290
2025-03-22T03:08+01:00,290
2025-03-22T03:09+01:00,290
2025-03-22T03:10+01:00,290
2025-03-22T03:11+01:00,289
2025-03-22T03:12+01:00,289
2025-03-22T03:13+01:00,288
2025-03-22T03:14+01:00,288
2025-03-22T03:15+01:00,287
2025-03-22T03:16+01:00,286
2025-03-22T03:17+01:00,286
2025-03-22T03:18+01:00,286
2025-03-22T03:19+01:00,285
2025-03-22T03:20+01:00,285
2025-03-22T03:21+01:00,284
2025-03-22T03:22+01:00,284
2025-03-22T03:23+01:00,283
2025-03-22T03:24+01:00,283
2025-03-22T03:25+01:00,282
2025-03-22T03:26+01:00,282
2025-03-22T03:27+01:00,282
2025-03-22T03:28+01:00,282
2025-03-22T03:29+01:00,282
2025-03-22T03:30+01:00,281
2025-03-22T03:31+01:00,281
2025-03-22T03:32+01:00,281
2025-03-22T03:33+01:00,281
2025-03-22T03:34+01:00,281
2025-03-22T03:35+01:00,282
2025-03-22T03:36+01:00,282
2025-03-22T03:37+01:00,282
2025-03-22T03:38+01:00,282
2025-03-22T03:39+01:00,282
2025-03-22T03:40+01:00,282
2025-03-22T03:41+01:00,282
2025-03-22T03:42+01:00,282
2025-03-22T03:43+01:00,282
2025-03-22T03:44+01:00,282
2025-03-22T03:45+01:00,283
2025-03-22T03:46+01:00,283
2025-03-22T03:47+01:00,283
2025-03-22T03:48+01:00,284
2025-03-22T03:49+01:00,285
2025-03-22T03:50+01:00,286
2025-03-22T03:51+01:00,287
2025-03-22T03:52+01:00,287
2025-03-22T03:53+01:00,288
2025-03-22T03:54+01:00,290
2025-03-22T03:55+01:00,292
2025-03-22T03:56+01:00,293
2025-03-22T03:57+01:00,295
2025-03-22T03:58+01:00,296
2025-03-22T03:59+01:00,298
2025-03-22T04:00+01:00,301
2025-03-22T04:01+01:00,303
2025-03-22T04:02+01:00,305
2025-03-22T04:03+01:00,308
2025-03-22T04:04+01:00,310
2025-03-22T04:05+01:00,313
2025-03-22T04:06+01:00,316
2025-03-22T04:07+01:00,319
2025-03-22T04:08+01:00,321
2025-03-22T04:09+01:00,324
2025-03-22T04:10+01:00,327
2025-03-22T04:11+01:00,330
2025-03-22T04:12+01:00,333
2025-03-22T04:13+01:00,336
2025-03-22T04:14+01:00,339
2025-03-22T04:15+01:00,342
2025-03-22T04:16+01:00,346
2025-03-22T04:17+01:00,349
2025-03-22T04:18+01:00,352
2025-03-22T04:19+01:00,356
2025-03-22T04:20+01:00,359
2025-03-22T04:21+01:00,362
2025-03-22T04:22+01:00,365
2025-03-22T04:23+01:00,368
2025-03-22T04:24+01:00,371
2025-03-22T04:25+01:00,374
2025-03-22T04:26+01:00,377
2025-03-22T04:27+01:00,380
2025-03-22T04:28+01:00,382
2025-03-22T04:29+01:00,385
2025-03-22T04:30+01:00,387
2025-03-22T04:31+01:00,390
2025-03-22T04:32+01:00,392
2025-03-22T04:33+01:00,394
2025-03-22T04:34+01:00,397
2025-03-22T04:35+01:00,399
2025-03-22T04:36+01:00,401
2025-03-22T04:37+01:00,403
2025-03-22T04:38+01:00,405
2025-03-22T04:39+01:00,407
2025-03-22T04:40+01:00,409
2025-03-22T04:41+01:00,411
2025-03-22T04:42+01:00,413
2025-03-22T04:43+01:00,415
2025-03-22T04:44+01:00,417
2025-03-22T04:45+01:00,419
2025-03-22T04:46+01:00,420
2025-03-22T04:47+01:00,422
2025-03-22T04:48+01:00,424
2025-03-22T04:49+01:00,426
2025-03-22T04:50+01:00,428
2025-03-22T04:51+01:00,430
2025-03-22T04:52+01:00,432
2025-03-22T04:53+01:00,434
2025-03-22T04:54+01:00,436
2025-03-22T04:55+01:00,438
2025-03-22T04:56+01:00,440
2025-03-22T04:57+01:00,441
2025-03-22T04:58+01:00,443
2025-03-22T04:59+01:00,445
2025-03-22T05:00+01:00,448
2025-03-22T05:01+01:00,450
2025-03-22T05:02+01:00,452
2025-03-22T05:03+01:00,454
2025-03-22T05:04+01:00,456
2025-03-22T05:05+01:00,458
2025-03-22T05:06+01:00,461
2025-03-22T05:07+01:00,463
2025-03-22T05:08+01:00,465
2025-03-22T05:09+01:00,468
2025-03-22T05:10+01:00,470
2025-03-22T05:11+01:00,472
2025-03-22T05:12+01:00,474
2025-03-22T05:13+01:00,477
2025-03-22T05:14+01:00,479
2025-03-22T05:15+01:00,481
2025-03-22T05:16+01:00,482
2025-03-22T05:17+01:00,484
2025-03-22T05:18+01:00,486
2025-03-22T05:19+01:00,488
2025-03-22T05:20+01:00,490
2025-03-22T05:21+01:00,492
2025-03-22T05:22+01:00,494
2025-03-22T05:23+01:00,495
2025-03-22T05:24+01:00,497
2025-03-22T05:25+01:00,499
2025-03-22T05:26+01:00,500
2025-03-22T05:27+01:00,502
2025-03-22T05:28+01:00,503
2025-03-22T05:29+01:00,504
2025-03-22T05:30+01:00,506
2025-03-22T05:31+01:00,507
2025-03-22T05:32+01:00,509
2025-03-22T05:33+01:00,510
2025-03-22T05:34+01:00,511
2025-03-22T05:35+01:00,513
2025-03-22T05:36+01:00,514
2025-03-22T05:37+01:00,515
2025-03-22T05:38+01:00,517
2025-03-22T05:39+01:00,518
2025-03-22T05:40+01:00,519
2025-03-22T05:41+01:00,520
2025-03-22T05:42+01:00,521
2025-03-22T05:43+01:00,522
2025-03-22T05:44+01:00,524
2025-03-22T05:45+01:00,525
2025-03-22T05:46+01:00,526
2025-03-22T05:47+01:00,528
2025-03-22T05:48+01:00,529
2025-03-22T05:49+01:00,530
2025-03-22T05:50+01:00,531
2025-03-22T05:51+01:00,532
2025-03-22T05:52+01:00,533
2025-03-22T05:53+01:00,534
2025-03-22T05:54+01:00,535
2025-03-22T05:55+01:00,536
2025-03-22T05:56+01:00,537
2025-03-22T05:57+01:00,538
2025-03-22T05:58+01:00,539
2025-03-22T05:59+01:00,540
2025-03-22T06:00+01:00,541
2025-03-22T06:01+01:00,542
2025-03-22T06:02+01:00,543
2025-03-22T06:03+01:00,545
2025-03-22T06:04+01:00,543
2025-03-22T06:05+01:00,545
2025-03-22T06:06+01:00,546
2025-03-22T06:07+01:00,547
2025-03-22T06:08+01:00,548
2025-03-22T06:09+01:00,548
2025-03-22T06:10+01:00,549
2025-03-22T06:11+01:00,550
2025-03-22T06:12+01:00,551
2025-03-22T06:13+01:00,552
2025-03-22T06:14+01:00,552
2025-03-22T06:15+01:00,555
2025-03-22T06:16+01:00,556
2025-03-22T06:17+01:00,557
2025-03-22T06:18+01:00,557
2025-03-22T06:19+01:00,557
2025-03-22T06:20+01:00,559
2025-03-22T06:21+01:00,559
2025-03-22T06:22+01:00,560
2025-03-22T06:23+01:00,561
2025-03-22T06:24+01:00,562
2025-03-22T06:25+01:00,562
2025-03-22T06:26+01:00,563
2025-03-22T06:27+01:00,564
2025-03-22T06:28+01:00,564
2025-03-22T06:29+01:00,565
2025-03-22T06:30+01:00,566
2025-03-22T06:31+01:00,567
2025-03-22T06:32+01:00,569
2025-03-22T06:33+01:00,570
2025-03-22T06:34+01:00,571
2025-03-22T06:35+01:00,572
2025-03-22T06:36+01:00,573
2025-03-22T06:37+01:00,574
2025-03-22T06:38+01:00,573
2025-03-22T06:39+01:00,573
2025-03-22T06:40+01:00,574
2025-03-22T06:41+01:00,575
2025-03-22T06:42+01:00,576
2025-03-22T06:43+01:00,578
2025-03-22T06:44+01:00,579
2025-03-22T06:45+01:00,579
2025-03-22T06:46+01:00,579
2025-03-22T06:47+01:00,580
2025-03-22T06:48+01:00,581
2025-03-22T06:49+01:00,581
2025-03-22T06:50+01:00,582
2025-03-22T06:51+01:00,582
2025-03-22T06:52+01:00,583
2025-03-22T06:53+01:00,584
2025-03-22T06:54+01:00,585
2025-03-22T06:55+01:00,585
2025-03-22T06:56+01:00,587
2025-03-22T06:57+01:00,586
2025-03-22T06:58+01:00,586
2025-03-22T06:59+01:00,587
2025-03-22T07:00+01:00,588
2025-03-22T07:01+01:00,589
2025-03-22T07:02+01:00,589
2025-03-22T07:03+01:00,589
2025-03-22T07:04+01:00,590
2025-03-22T07:05+01:00,590
2025-03-22T07:06+01:00,591
2025-03-22T07:07+01:00,591
2025-03-22T07:08+01:00,591
2025-03-22T07:09+01:00,591
2025-03-22T07:10+01:00,591
2025-03-22T07:11+01:00,591
2025-03-22T07:12+01:00,592
2025-03-22T07:13+01:00,593
2025-03-22T07:14+01:00,594
2025-03-22T07:15+01:00,595
2025-03-22T07:16+01:00,595
2025-03-22T07:17+01:00,596
2025-03-22T07:18+01:00,597
2025-03-22T07:19+01:00,598
2025-03-22T07:20+01:00,598
2025-03-22T07:21+01:00,599
2025-03-22T07:22+01:00,600
2025-03-22T07:23+01:00,600
2025-03-22T07:24+01:00,601
2025-03-22T07:25+01:00,601
2025-03-22T07:26+01:00,601
2025-03-22T07:27+01:00,602
2025-03-22T07:28+01:00,602
2025-03-22T07:29+01:00,602
2025-03-22T07:30+01:00,603
2025-03-22T07:31+01:00,603
2025-03-22T07:32+01:00,604
2025-03-22T07:33+01:00,604
2025-03-22T07:34+01:00,605
2025-03-22T07:35+01:00,605
2025-03-22T07:36+01:00,606
2025-03-22T07:37+01:00,606
2025-03-22T07:38+01:00,606
2025-03-22T07:39+01:00,607
2025-03-22T07:40+01:00,607
2025-03-22T07:41+01:00,607
2025-03-22T07:42+01:00,608
2025-03-22T07:43+01:00,608
2025-03-22T07:44+01:00,609
2025-03-22T07:45+01:00,609
2025-03-22T07:46+01:00,609
2025-03-22T07:47+01:00,610
2025-03-22T07:48+01:00,610
2025-03-22T07:49+01:00,610
2025-03-22T07:50+01:00,611
2025-03-22T07:51+01:00,611
2025-03-22T07:52+01:00,611
2025-03-22T07:53+01:00,612
2025-03-22T07:54+01:00,612
2025-03-22T07:55+01:00,613
2025-03-22T07:56+01:00,613
2025-03-22T07:57+01:00,613
2025-03-22T07:58+01:00,614
2025-03-22T07:59+01:00,614
2025-03-22T08:00+01:00,614
2025-03-22T08:01+01:00,615
2025-03-22T08:02+01:00,615
2025-03-22T08:03+01:00,615
2025-03-22T08:04+01:00,615
2025-03-22T08:05+01:00,616
2025-03-22T08:06+01:00,616
2025-03-22T08:07+01:00,615
2025-03-22T08:08+01:00,616
2025-03-22T08:09+01:00,618
2025-03-22T08:10+01:00,617
2025-03-22T08:11+01:00,617
2025-03-22T08:12+01:00,617
2025-03-22T08:13+01:00,617
2025-03-22T08:14+01:00,617
2025-03-22T08:15+01:00,617
2025-03-22T08:16+01:00,617
2025-03-22T08:17+01:00,617
2025-03-22T08:18+01:00,617
2025-03-22T08:19+01:00,618
2025-03-22T08:20+01:00,618
2025-03-22T08:21+01:00,618
2025-03-22T08:22+01:00,618
2025-03-22T08:23+01:00,618
2025-03-22T08:24+01:00,618
2025-03-22T08:25+01:00,618
2025-03-22T08:26+01:00,619
2025-03-22T08:27+01:00,618
2025-03-22T08:28+01:00,619
2025-03-22T08:29+01:00,619
2025-03-22T08:30+01:00,619
2025-03-22T08:31+01:00,619
2025-03-22T08:32+01:00,619
2025-03-22T08:33+01:00,619
2025-03-22T08:34+01:00,619
2025-03-22T08:35+01:00,618
2025-03-22T08:36+01:00,618
2025-03-22T08:37+01:00,618
2025-03-22T08:38+01:00,618
2025-03-22T08:39+01:00,618
2025-03-22T08:40+01:00,618
2025-03-22T08:41+01:00,617
2025-03-22T08:42+01:00,618
2025-03-22T08:43+01:00,619
2025-03-22T08:44+01:00,619
2025-03-22T08:45+01:00,618
2025-03-22T08:46+01:00,618
2025-03-22T08:47+01:00,617
2025-03-22T08:48+01:00,617
2025-03-22T08:49+01:00,616
2025-03-22T08:50+01:00,614
2025-03-22T08:51+01:00,613
2025-03-22T08:52+01:00,612
2025-03-22T08:53+01:00,612
2025-03-22T08:54+01:00,613
2025-03-22T08:55+01:00,613
2025-03-22T08:56+01:00,613
2025-03-22T08:57+01:00,614
2025-03-22T08:58+01:00,613
2025-03-22T08:59+01:00,613
2025-03-22T09:00+01:00,612
2025-03-22T09:01+01:00,611
2025-03-22T09:02+01:00,611
2025-03-22T09:03+01:00,610
2025-03-22T09:04+01:00,611
2025-03-22T09:05+01:00,611
2025-03-22T09:06+01:00,611
2025-03-22T09:07+01:00,611
2025-03-22T09:08+01:00,610
2025-03-22T09:09+01:00,609
2025-03-22T09:10+01:00,608
2025-03-22T09:11+01:00,607
2025-03-22T09:12+01:00,607
2025-03-22T09:13+01:00,605
2025-03-22T09:14+01:00,604
2025-03-22T09:15+01:00,604
2025-03-22T09:16+01:00,604
2025-03-22T09:17+01:00,605
2025-03-22T09:18+01:00,603
2025-03-22T09:19+01:00,603
2025-03-22T09:20+01:00,602
2025-03-22T09:21+01:00,603
2025-03-22T09:22+01:00,603
2025-03-22T09:23+01:00,602
2025-03-22T09:24+01:00,601
2025-03-22T09:25+01:00,601
2025-03-22T09:26+01:00,599
2025-03-22T09:27+01:00,599
2025-03-22T09:28+01:00,597
2025-03-22T09:29+01:00,596
2025-03-22T09:30+01:00,594
2025-03-22T09:31+01:00,593
2025-03-22T09:32+01:00,593
2025-03-22T09:33+01:00,592
2025-03-22T09:34+01:00,590
2025-03-22T09:35+01:00,589
2025-03-22T09:36+01:00,588
2025-03-22T09:37+01:00,587
2025-03-22T09:38+01:00,585
2025-03-22T09:39+01:00,585
2025-03-22T09:40+01:00,585
2025-03-22T09:41+01:00,584
2025-03-22T09:42+01:00,583
2025-03-22T09:43+01:00,582
2025-03-22T09:44+01:00,581
2025-03-22T09:45+01:00,579
2025-03-22T09:46+01:00,578
2025-03-22T09:47+01:00,576
2025-03-22T09:48+01:00,576
2025-03-22T09:49+01:00,575
2025-03-22T09:50+01:00,574
2025-03-22T09:51+01:00,574
2025-03-22T09:52+01:00,573
2025-03-22T09:53+01:00,571
2025-03-22T09:54+01:00,569
2025-03-22T09:55+01:00,568
2025-03-22T09:56+01:00,566
2025-03-22T09:57+01:00,565
2025-03-22T09:58+01:00,563
2025-03-22T09:59+01:00,562
2025-03-22T10:00+01:00,562
2025-03-22T10:01+01:00,561
2025-03-22T10:02+01:00,560
2025-03-22T10:03+01:00,559
2025-03-22T10:04+01:00,558
2025-03-22T10:05+01:00,556
2025-03-22T10:06+01:00,555
2025-03-22T10:07+01:00,554
2025-03-22T10:08+01:00,553
2025-03-22T10:09+01:00,551
2025-03-22T10:10+01:00,550
2025-03-22T10:11+01:00,548
2025-03-22T10:12+01:00,548
2025-03-22T10:13+01:00,546
2025-03-22T10:14+01:00,545
2025-03-22T10:15+01:00,544
2025-03-22T10:16+01:00,543
2025-03-22T10:17+01:00,541
2025-03-22T10:18+01:00,539
2025-03-22T10:19+01:00,538
2025-03-22T10:20+01:00,537
2025-03-22T10:21+01:00,536
2025-03-22T10:22+01:00,534
2025-03-22T10:23+01:00,530
2025-03-22T10:24+01:00,533
2025-03-22T10:25+01:00,531
2025-03-22T10:26+01:00,529
2025-03-22T10:27+01:00,527
2025-03-22T10:28+01:00,524
2025-03-22T10:29+01:00,523
2025-03-22T10:30+01:00,521
2025-03-22T10:31+01:00,520
2025-03-22T10:32+01:00,521
2025-03-22T10:33+01:00,519
2025-03-22T10:34+01:00,518
2025-03-22T10:35+01:00,516
2025-03-22T10:36+01:00,514
2025-03-22T10:37+01:00,513
2025-03-22T10:38+01:00,511
2025-03-22T10:39+01:00,509
2025-03-22T10:40+01:00,507
2025-03-22T10:41+01:00,506
2025-03-22T10:42+01:00,504
2025-03-22T10:43+01:00,502
2025-03-22T10:44+01:00,501
2025-03-22T10:45+01:00,500
2025-03-22T10:46+01:00,500
2025-03-22T10:47+01:00,499
2025-03-22T10:48+01:00,497
2025-03-22T10:49+01:00,495
2025-03-22T10:50+01:00,493
2025-03-22T10:51+01:00,492
2025-03-22T10:52+01:00,490
2025-03-22T10:53+01:00,488
2025-03-22T10:54+01:00,488
2025-03-22T10:55+01:00,487
2025-03-22T10:56+01:00,486
2025-03-22T10:57+01:00,485
2025-03-22T10:58+01:00,483
2025-03-22T10:59+01:00,481
2025-03-22T11:00+01:00,479
2025-03-22T11:01+01:00,478
2025-03-22T11:02+01:00,476
2025-03-22T11:03+01:00,476
2025-03-22T11:04+01:00,475
2025-03-22T11:05+01:00,473
2025-03-22T11:06+01:00,472
2025-03-22T11:07+01:00,470
2025-03-22T11:08+01:00,468
2025-03-22T11:09+01:00,468
2025-03-22T11:10+01:00,465
2025-03-22T11:11+01:00,464
2025-03-22T11:12+01:00,463
2025-03-22T11:13+01:00,461
2025-03-22T11:14+01:00,459
2025-03-22T11:15+01:00,458
2025-03-22T11:16+01:00,457
2025-03-22T11:17+01:00,455
2025-03-22T11:18+01:00,455
2025-03-22T11:19+01:00,453
2025-03-22T11:20+01:00,453
2025-03-22T11:21+01:00,451
2025-03-22T11:22+01:00,449
2025-03-22T11:23+01:00,448
2025-03-22T11:24+01:00,447
2025-03-22T11:25+01:00,446
2025-03-22T11:26+01:00,444
2025-03-22T11:27+01:00,443
2025-03-22T11:28+01:00,441
2025-03-22T11:29+01:00,440
2025-03-22T11:30+01:00,439
2025-03-22T11:31+01:00,437
2025-03-22T11:32+01:00,436
2025-03-22T11:33+01:00,435
2025-03-22T11:34+01:00,434
2025-03-22T11:35+01:00,434
2025-03-22T11:36+01:00,432
2025-03-22T11:37+01:00,431
2025-03-22T11:38+01:00,430
2025-03-22T11:39+01:00,428
2025-03-22T11:40+01:00,427
2025-03-22T11:41+01:00,426
2025-03-22T11:42+01:00,424
2025-03-22T11:43+01:00,423
2025-03-22T11:44+01:00,422
2025-03-22T11:45+01:00,421
2025-03-22T11:46+01:00,420
2025-03-22T11:47+01:00,419
2025-03-22T11:48+01:00,418
2025-03-22T11:49+01:00,417
2025-03-22T11:50+01:00,417
2025-03-22T11:51+01:00,415
2025-03-22T11:52+01:00,413
2025-03-22T11:53+01:00,413
2025-03-22T11:54+01:00,411
2025-03-22T11:55+01:00,410
2025-03-22T11:56+01:00,409
2025-03-22T11:57+01:00,408
2025-03-22T11:58+01:00,407
2025-03-22T11:59+01:00,406
2025-03-22T12:00+01:00,405
2025-03-22T12:01+01:00,404
2025-03-22T12:02+01:00,403
2025-03-22T12:03+01:00,402
2025-03-22T12:04+01:00,401
2025-03-22T12:05+01:00,400
2025-03-22T12:06+01:00,400
2025-03-22T12:07+01:00,398
2025-03-22T12:08+01:00,397
2025-03-22T12:09+01:00,396
2025-03-22T12:10+01:00,396
2025-03-22T12:11+01:00,395
2025-03-22T12:12+01:00,394
2025-03-22T12:13+01:00,393
2025-03-22T12:14+01:00,392
2025-03-22T12:15+01:00,392
2025-03-22T12:16+01:00,391
2025-03-22T12:17+01:00,390
2025-03-22T12:18+01:00,388
2025-03-22T12:19+01:00,388
2025-03-22T12:20+01:00,386
2025-03-22T12:21+01:00,385
2025-03-22T12:22+01:00,384
2025-03-22T12:23+01:00,383
2025-03-22T12:24+01:00,383
2025-03-22T12:25+01:00,383
2025-03-22T12:26+01:00,381
2025-03-22T12:27+01:00,380
2025-03-22T12:28+01:00,379
2025-03-22T12:29+01:00,378
2025-03-22T12:30+01:00,378
2025-03-22T12:31+01:00,377
2025-03-22T12:32+01:00,376
2025-03-22T12:33+01:00,375
2025-03-22T12:34+01:00,375
2025-03-22T12:35+01:00,374
2025-03-22T12:36+01:00,373
2025-03-22T12:37+01:00,372
2025-03-22T12:38+01:00,371
2025-03-22T12:39+01:00,370
2025-03-22T12:40+01:00,370
2025-03-22T12:41+01:00,369
2025-03-22T12:42+01:00,368
2025-03-22T12:43+01:00,367
2025-03-22T12:44+01:00,366
2025-03-22T12:45+01:00,365
2025-03-22T12:46+01:00,365
2025-03-22T12:47+01:00,364
2025-03-22T12:48+01:00,363
2025-03-22T12:49+01:00,362
2025-03-22T12:50+01:00,362
2025-03-22T12:51+01:00,361
2025-03-22T12:52+01:00,361
2025-03-22T12:53+01:00,360
2025-03-22T12:54+01:00,359
2025-03-22T12:55+01:00,357
2025-03-22T12:56+01:00,357
2025-03-22T12:57+01:00,356
2025-03-22T12:58+01:00,355
2025-03-22T12:59+01:00,355
2025-03-22T13:00+01:00,354
2025-03-22T13:01+01:00,353
2025-03-22T13:02+01:00,352
2025-03-22T13:03+01:00,351
2025-03-22T13:04+01:00,350
2025-03-22T13:05+01:00,350
2025-03-22T13:06+01:00,349
2025-03-22T13:07+01:00,349
2025-03-22T13:08+01:00,347
2025-03-22T13:09+01:00,347
2025-03-22T13:10+01:00,346
2025-03-22T13:11+01:00,344
2025-03-22T13:12+01:00,343
2025-03-22T13:13+01:00,342
2025-03-22T13:14+01:00,342
2025-03-22T13:15+01:00,341
2025-03-22T13:16+01:00,340
2025-03-22T13:17+01:00,339
2025-03-22T13:18+01:00,338
2025-03-22T13:19+01:00,338
2025-03-22T13:20+01:00,337
2025-03-22T13:21+01:00,336
2025-03-22T13:22+01:00,336
2025-03-22T13:23+01:00,335
2025-03-22T13:24+01:00,334
2025-03-22T13:25+01:00,333
2025-03-22T13:26+01:00,332
2025-03-22T13:27+01:00,332
2025-03-22T13:28+01:00,331
2025-03-22T13:29+01:00,331
2025-03-22T13:30+01:00,330
2025-03-22T13:31+01:00,330
2025-03-22T13:32+01:00,329
2025-03-22T13:33+01:00,328
2025-03-22T13:34+01:00,328
2025-03-22T13:35+01:00,327
2025-03-22T13:36+01:00,326
2025-03-22T13:37+01:00,325
2025-03-22T13:38+01:00,325
2025-03-22T13:39+01:00,324
2025-03-22T13:40+01:00,323
2025-03-22T13:41+01:00,323
2025-03-22T13:42+01:00,322
2025-03-22T13:43+01:00,321
2025-03-22T13:44+01:00,320
2025-03-22T13:45+01:00,319
2025-03-22T13:46+01:00,318
2025-03-22T13:47+01:00,317
2025-03-22T13:48+01:00,317
2025-03-22T13:49+01:00,316
2025-03-22T13:50+01:00,316
2025-03-22T13:51+01:00,316
2025-03-22T13:52+01:00,315
2025-03-22T13:53+01:00,315
2025-03-22T13:54+01:00,314
2025-03-22T13:55+01:00,312
2025-03-22T13:56+01:00,312
2025-03-22T13:57+01:00,311
2025-03-22T13:58+01:00,310
2025-03-22T13:59+01:00,310
2025-03-22T14:00+01:00,309
2025-03-22T14:01+01:00,309
2025-03-22T14:02+01:00,308
2025-03-22T14:03+01:00,308
2025-03-22T14:04+01:00,306
2025-03-22T14:05+01:00,306
2025-03-22T14:06+01:00,305
2025-03-22T14:07+01:00,304
2025-03-22T14:08+01:00,304
2025-03-22T14:09+01:00,303
2025-03-22T14:10+01:00,302
2025-03-22T14:11+01:00,301
2025-03-22T14:12+01:00,301
2025-03-22T14:13+01:00,300
2025-03-22T14:14+01:00,299
2025-03-22T14:15+01:00,299
2025-03-22T14:16+01:00,298
2025-03-22T14:17+01:00,297
2025-03-22T14:18+01:00,297
2025-03-22T14:19+01:00,296
2025-03-22T14:20+01:00,295
2025-03-22T14:21+01:00,295
2025-03-22T14:22+01:00,294
2025-03-22T14:23+01:00,294
2025-03-22T14:24+01:00,293
2025-03-22T14:25+01:00,292
2025-03-22T14:26+01:00,292
2025-03-22T14:27+01:00,291
2025-03-22T14:28+01:00,290
2025-03-22T14:29+01:00,290
2025-03-22T14:30+01:00,289
2025-03-22T14:31+01:00,288
2025-03-22T14:32+01:00,288
2025-03-22T14:33+01:00,287
2025-03-22T14:34+01:00,287
2025-03-22T14:35+01:00,286
2025-03-22T14:36+01:00,285
2025-03-22T14:37+01:00,285
2025-03-22T14:38+01:00,284
2025-03-22T14:39+01:00,284
2025-03-22T14:40+01:00,284
2025-03-22T14:41+01:00,282
2025-03-22T14:42+01:00,282
2025-03-22T14:43+01:00,281
2025-03-22T14:44+01:00,281
2025-03-22T14:45+01:00,281
2025-03-22T14:46+01:00,280
2025-03-22T14:47+01:00,280
2025-03-22T14:48+01:00,279
2025-03-22T14:49+01:00,278
2025-03-22T14:50+01:00,278
2025-03-22T14:51+01:00,277
2025-03-22T14:52+01:00,277
2025-03-22T14:53+01:00,277
2025-03-22T14:54+01:00,276
2025-03-22T14:55+01:00,276
2025-03-22T14:56+01:00,276
2025-03-22T14:57+01:00,275
2025-03-22T14:58+01:00,274
2025-03-22T14:59+01:00,274
2025-03-22T15:00+01:00,274
2025-03-22T15:01+01:00,274
2025-03-22T15:02+01:00,274
2025-03-22T15:03+01:00,273
2025-03-22T15:04+01:00,273
2025-03-22T15:05+01:00,272
2025-03-22T15:06+01:00,272
2025-03-22T15:07+01:00,271
2025-03-22T15:08+01:00,271
2025-03-22T15:09+01:00,271
2025-03-22T15:10+01:00,270
2025-03-22T15:11+01:00,270
2025-03-22T15:12+01:00,270
2025-03-22T15:13+01:00,269
2025-03-22T15:14+01:00,269
2025-03-22T15:15+01:00,269
2025-03-22T15:16+01:00,268
2025-03-22T15:17+01:00,268
2025-03-22T15:18+01:00,268
2025-03-22T15:19+01:00,268
2025-03-22T15:20+01:00,267
2025-03-22T15:21+01:00,267
2025-03-22T15:22+01:00,267
2025-03-22T15:23+01:00,267
2025-03-22T15:24+01:00,267
2025-03-22T15:25+01:00,267
2025-03-22T15:26+01:00,266
2025-03-22T15:27+01:00,267
2025-03-22T15:28+01:00,266
2025-03-22T15:29+01:00,266
2025-03-22T15:30+01:00,267
2025-03-22T15:31+01:00,267
2025-03-22T15:32+01:00,266
2025-03-22T15:33+01:00,266
2025-03-22T15:34+01:00,267
2025-03-22T15:35+01:00,267
2025-03-22T15:36+01:00,267
2025-03-22T15:37+01:00,267
2025-03-22T15:38+01:00,268
2025-03-22T15:39+01:00,268
2025-03-22T15:40+01:00,269
2025-03-22T15:41+01:00,270
2025-03-22T15:42+01:00,270
2025-03-22T15:43+01:00,271
2025-03-22T15:44+01:00,272
2025-03-22T15:45+01:00,273
2025-03-22T15:46+01:00,275
2025-03-22T15:47+01:00,276
2025-03-22T15:48+01:00,278
2025-03-22T15:49+01:00,279
2025-03-22T15:50+01:00,281
2025-03-22T15:51+01:00,282
2025-03-22T15:52+01:00,284
2025-03-22T15:53+01:00,286
2025-03-22T15:54+01:00,288
2025-03-22T15:55+01:00,290
2025-03-22T15:56+01:00,293
2025-03-22T15:57+01:00,295
2025-03-22T15:58+01:00,298
2025-03-22T15:59+01:00,300
2025-03-22T16:00+01:00,303
2025-03-22T16:01+01:00,306
2025-03-22T16:02+01:00,309
2025-03-22T16:03+01:00,311
2025-03-22T16:04+01:00,314
2025-03-22T16:05+01:00,317
2025-03-22T16:06+01:00,320
2025-03-22T16:07+01:00,323
2025-03-22T16:08+01:00,326
2025-03-22T16:09+01:00,329
2025-03-22T16:10+01:00,331
2025-03-22T16:11+01:00,334
2025-03-22T16:12+01:00,337
2025-03-22T16:13+01:00,340
2025-03-22T16:14+01:00,342
2025-03-22T16:15+01:00,345
2025-03-22T16:16+01:00,348
2025-03-22T16:17+01:00,351
2025-03-22T16:18+01:00,353
2025-03-22T16:19+01:00,356
2025-03-22T16:20+01:00,358
2025-03-22T16:21+01:00,360
2025-03-22T16:22+01:00,363
2025-03-22T16:23+01:00,365
2025-03-22T16:24+01:00,367
2025-03-22T16:25+01:00,369
2025-03-22T16:26+01:00,371
2025-03-22T16:27+01:00,373
2025-03-22T16:28+01:00,375
2025-03-22T16:29+01:00,378
2025-03-22T16:30+01:00,379
2025-03-22T16:31+01:00,381
2025-03-22T16:32+01:00,383
2025-03-22T16:33+01:00,384
2025-03-22T16:34+01:00,387
2025-03-22T16:35+01:00,388
2025-03-22T16:36+01:00,389
2025-03-22T16:37+01:00,391
2025-03-22T16:38+01:00,395
2025-03-22T16:39+01:00,395
2025-03-22T16:40+01:00,398
2025-03-22T16:41+01:00,399
2025-03-22T16:42+01:00,401
2025-03-22T16:43+01:00,403
2025-03-22T16:44+01:00,404
2025-03-22T16:45+01:00,407
2025-03-22T16:46+01:00,408
2025-03-22T16:47+01:00,411
2025-03-22T16:48+01:00,413
2025-03-22T16:49+01:00,415
2025-03-22T16:50+01:00,417
2025-03-22T16:51+01:00,419
2025-03-22T16:52+01:00,421
2025-03-22T16:53+01:00,423
2025-03-22T16:54+01:00,425
2025-03-22T16:55+01:00,428
2025-03-22T16:56+01:00,430
2025-03-22T16:57+01:00,433
2025-03-22T16:58+01:00,435
2025-03-22T16:59+01:00,437
2025-03-22T17:00+01:00,439
2025-03-22T17:01+01:00,441
2025-03-22T17:02+01:00,443
2025-03-22T17:03+01:00,445
2025-03-22T17:04+01:00,447
2025-03-22T17:05+01:00,450
2025-03-22T17:06+01:00,451
2025-03-22T17:07+01:00,453
2025-03-22T17:08+01:00,455
2025-03-22T17:09+01:00,457
2025-03-22T17:10+01:00,459
2025-03-22T17:11+01:00,461
2025-03-22T17:12+01:00,463
2025-03-22T17:13+01:00,464
2025-03-22T17:14+01:00,466
2025-03-22T17:15+01:00,468
2025-03-22T17:16+01:00,469
2025-03-22T17:17+01:00,471
2025-03-22T17:18+01:00,473
2025-03-22T17:19+01:00,475
2025-03-22T17:20+01:00,476
2025-03-22T17:21+01:00,478
2025-03-22T17:22+01:00,479
2025-03-22T17:23+01:00,481
2025-03-22T17:24+01:00,483
2025-03-22T17:25+01:00,484
2025-03-22T17:26+01:00,485
2025-03-22T17:27+01:00,487
2025-03-22T17:28+01:00,488
2025-03-22T17:29+01:00,490
2025-03-22T17:30+01:00,491
2025-03-22T17:31+01:00,492
2025-03-22T17:32+01:00,494
2025-03-22T17:33+01:00,495
2025-03-22T17:34+01:00,496
2025-03-22T17:35+01:00,498
2025-03-22T17:36+01:00,499
2025-03-22T17:37+01:00,500
2025-03-22T17:38+01:00,502
2025-03-22T17:39+01:00,503
2025-03-22T17:40+01:00,504
2025-03-22T17:41+01:00,505
2025-03-22T17:42+01:00,507
2025-03-22T17:43+01:00,507
2025-03-22T17:44+01:00,509
2025-03-22T17:45+01:00,510
2025-03-22T17:46+01:00,512
2025-03-22T17:47+01:00,513
2025-03-22T17:48+01:00,514
2025-03-22T17:49+01:00,516
2025-03-22T17:50+01:00,517
2025-03-22T17:51+01:00,517
2025-03-22T17:52+01:00,518
2025-03-22T17:53+01:00,519
2025-03-22T17:54+01:00,520
2025-03-22T17:55+01:00,521
2025-03-22T17:56+01:00,522
2025-03-22T17:57+01:00,523
2025-03-22T17:58+01:00,524
2025-03-22T17:59+01:00,525
2025-03-22T18:00+01:00,526
2025-03-22T18:01+01:00,527
2025-03-22T18:02+01:00,528
2025-03-22T18:03+01:00,529
2025-03-22T18:04+01:00,530
2025-03-22T18:05+01:00,531
2025-03-22T18:06+01:00,532
2025-03-22T18:07+01:00,533
2025-03-22T18:08+01:00,534
2025-03-22T18:09+01:00,535
2025-03-22T18:10+01:00,536
2025-03-22T18:11+01:00,537
2025-03-22T18:12+01:00,538
2025-03-22T18:13+01:00,540
2025-03-22T18:14+01:00,541
2025-03-22T18:15+01:00,542
2025-03-22T18:16+01:00,542
2025-03-22T18:17+01:00,543
2025-03-22T18:18+01:00,545
2025-03-22T18:19+01:00,546
2025-03-22T18:20+01:00,547
2025-03-22T18:21+01:00,548
2025-03-22T18:22+01:00,549
2025-03-22T18:23+01:00,549
2025-03-22T18:24+01:00,550
2025-03-22T18:25+01:00,551
2025-03-22T18:26+01:00,552
2025-03-22T18:27+01:00,553
2025-03-22T18:28+01:00,554
2025-03-22T18:29+01:00,555
2025-03-22T18:30+01:00,555
2025-03-22T18:31+01:00,556
2025-03-22T18:32+01:00,558
2025-03-22T18:33+01:00,558
2025-03-22T18:34+01:00,560
2025-03-22T18:35+01:00,560
2025-03-22T18:36+01:00,561
2025-03-22T18:37+01:00,562
2025-03-22T18:38+01:00,562
2025-03-22T18:39+01:00,563
2025-03-22T18:40+01:00,564
2025-03-22T18:41+01:00,565
2025-03-22T18:42+01:00,565
2025-03-22T18:43+01:00,567
2025-03-22T18:44+01:00,567
2025-03-22T18:45+01:00,568
2025-03-22T18:46+01:00,569
2025-03-22T18:47+01:00,569
2025-03-22T18:48+01:00,570
2025-03-22T18:49+01:00,571
2025-03-22T18:50+01:00,571
2025-03-22T18:51+01:00,572
2025-03-22T18:52+01:00,572
2025-03-22T18:53+01:00,573
2025-03-22T18:54+01:00,574
2025-03-22T18:55+01:00,574
2025-03-22T18:56+01:00,575
2025-03-22T18:57+01:00,576
2025-03-22T18:58+01:00,577
2025-03-22T18:59+01:00,578
2025-03-22T19:00+01:00,579
2025-03-22T19:01+01:00,579
2025-03-22T19:02+01:00,580
2025-03-22T19:03+01:00,579
2025-03-22T19:04+01:00,580
2025-03-22T19:05+01:00,581
2025-03-22T19:06+01:00,581
2025-03-22T19:07+01:00,582
2025-03-22T19:08+01:00,583
2025-03-22T19:09+01:00,584
2025-03-22T19:10+01:00,585
2025-03-22T19:11+01:00,585
2025-03-22T19:12+01:00,585
2025-03-22T19:13+01:00,585
2025-03-22T19:14+01:00,586
2025-03-22T19:15+01:00,586
2025-03-22T19:16+01:00,587
2025-03-22T19:17+01:00,588
2025-03-22T19:18+01:00,589
2025-03-22T19:19+01:00,590
2025-03-22T19:20+01:00,591
2025-03-22T19:21+01:00,592
2025-03-22T19:22+01:00,593
2025-03-22T19:23+01:00,593
2025-03-22T19:24+01:00,592
2025-03-22T19:25+01:00,592
2025-03-22T19:26+01:00,593
2025-03-22T19:27+01:00,594
2025-03-22T19:28+01:00,595
2025-03-22T19:29+01:00,596
2025-03-22T19:30+01:00,596
2025-03-22T19:31+01:00,597
2025-03-22T19:32+01:00,597
2025-03-22T19:33+01:00,598
2025-03-22T19:34+01:00,598
2025-03-22T19:35+01:00,599
2025-03-22T19:36+01:00,600
2025-03-22T19:37+01:00,600
2025-03-22T19:38+01:00,601
2025-03-22T19:39+01:00,601
2025-03-22T19:40+01:00,602
2025-03-22T19:41+01:00,603
2025-03-22T19:42+01:00,603
2025-03-22T19:43+01:00,604
2025-03-22T19:44+01:00,604
2025-03-22T19:45+01:00,604
2025-03-22T19:46+01:00,604
2025-03-22T19:47+01:00,605
2025-03-22T19:48+01:00,605
2025-03-22T19:49+01:00,606
2025-03-22T19:50+01:00,606
2025-03-22T19:51+01:00,607
2025-03-22T19:52+01:00,607
2025-03-22T19:53+01:00,608
2025-03-22T19:54+01:00,608
2025-03-22T19:55+01:00,609
2025-03-22T19:56+01:00,609
2025-03-22T19:57+01:00,609
2025-03-22T19:58+01:00,609
2025-03-22T19:59+01:00,609
2025-03-22T20:00+01:00,609
2025-03-22T20:01+01:00,610
2025-03-22T20:02+01:00,610
2025-03-22T20:03+01:00,611
2025-03-22T20:04+01:00,611
2025-03-22T20:05+01:00,611
2025-03-22T20:06+01:00,611
2025-03-22T20:07+01:00,612
2025-03-22T20:08+01:00,612
2025-03-22T20:09+01:00,612
2025-03-22T20:10+01:00,612
2025-03-22T20:11+01:00,612
2025-03-22T20:12+01:00,613
2025-03-22T20:13+01:00,613
2025-03-22T20:14+01:00,613
2025-03-22T20:15+01:00,613
2025-03-22T20:16+01:00,614
2025-03-22T20:17+01:00,614
2025-03-22T20:18+01:00,614
2025-03-22T20:19+01:00,615
2025-03-22T20:20+01:00,615
2025-03-22T20:21+01:00,615
2025-03-22T20:22+01:00,615
2025-03-22T20:23+01:00,616
2025-03-22T20:24+01:00,616
2025-03-22T20:25+01:00,616
2025-03-22T20:26+01:00,616
2025-03-22T20:27+01:00,616
2025-03-22T20:28+01:00,616
2025-03-22T20:29+01:00,617
2025-03-22T20:30+01:00,617
2025-03-22T20:31+01:00,617
2025-03-22T20:32+01:00,617
2025-03-22T20:33+01:00,617
2025-03-22T20:34+01:00,617
2025-03-22T20:35+01:00,617
2025-03-22T20:36+01:00,617
2025-03-22T20:37+01:00,617
2025-03-22T20:38+01:00,617
2025-03-22T20:39+01:00,617
2025-03-22T20:40+01:00,617
2025-03-22T20:41+01:00,617
2025-03-22T20:42+01:00,617
2025-03-22T20:43+01:00,617
2025-03-22T20:44+01:00,617
2025-03-22T20:45+01:00,617
2025-03-22T20:46+01:00,617
2025-03-22T20:47+01:00,617
2025-03-22T20:48+01:00,617
2025-03-22T20:49+01:00,617
2025-03-22T20:50+01:00,616
2025-03-22T20:51+01:00,616
2025-03-22T20:52+01:00,616
2025-03-22T20:53+01:00,616
2025-03-22T20:54+01:00,616
2025-03-22T20:55+01:00,616
2025-03-22T20:56+01:00,616
2025-03-22T20:57+01:00,616
2025-03-22T20:58+01:00,615
2025-03-22T20:59+01:00,615
2025-03-22T21:00+01:00,615
2025-03-22T21:01+01:00,615
2025-03-22T21:02+01:00,615
2025-03-22T21:03+01:00,614
2025-03-22T21:04+01:00,614
2025-03-22T21:05+01:00,614
2025-03-22T21:06+01:00,614
2025-03-22T21:07+01:00,614
2025-03-22T21:08+01:00,614
2025-03-22T21:09+01:00,613
2025-03-22T21:10+01:00,613
2025-03-22T21:11+01:00,612
2025-03-22T21:12+01:00,612
2025-03-22T21:13+01:00,612
2025-03-22T21:14+01:00,612
2025-03-22T21:15+01:00,611
2025-03-22T21:16+01:00,611
2025-03-22T21:17+01:00,611
2025-03-22T21:18+01:00,611
2025-03-22T21:19+01:00,610
2025-03-22T21:20+01:00,609
2025-03-22T21:21+01:00,609
2025-03-22T21:22+01:00,608
2025-03-22T21:23+01:00,608
2025-03-22T21:24+01:00,607
2025-03-22T21:25+01:00,607
2025-03-22T21:26+01:00,606
2025-03-22T21:27+01:00,606
2025-03-22T21:28+01:00,605
2025-03-22T21:29+01:00,604
2025-03-22T21:30+01:00,603
2025-03-22T21:31+01:00,603
2025-03-22T21:32+01:00,602
2025-03-22T21:33+01:00,602
2025-03-22T21:34+01:00,601
2025-03-22T21:35+01:00,600
2025-03-22T21:36+01:00,600
2025-03-22T21:37+01:00,599
2025-03-22T21:38+01:00,598
2025-03-22T21:39+01:00,597
2025-03-22T21:40+01:00,596
2025-03-22T21:41+01:00,595
2025-03-22T21:42+01:00,595
2025-03-22T21:43+01:00,594
2025-03-22T21:44+01:00,594
2025-03-22T21:45+01:00,593
2025-03-22T21:46+01:00,592
2025-03-22T21:47+01:00,591
2025-03-22T21:48+01:00,590
2025-03-22T21:49+01:00,589
2025-03-22T21:50+01:00,588
2025-03-22T21:51+01:00,587
2025-03-22T21:52+01:00,586
2025-03-22T21:53+01:00,585
2025-03-22T21:54+01:00,585
2025-03-22T21:55+01:00,583
2025-03-22T21:56+01:00,583
2025-03-22T21:57+01:00,582
2025-03-22T21:58+01:00,581
2025-03-22T21:59+01:00,580
2025-03-22T22:00+01:00,578
2025-03-22T22:01+01:00,577
2025-03-22T22:02+01:00,576
2025-03-22T22:03+01:00,576
2025-03-22T22:04+01:00,575
2025-03-22T22:05+01:00,574
2025-03-22T22:06+01:00,572
2025-03-22T22:07+01:00,571
2025-03-22T22:08+01:00,570
2025-03-22T22:09+01:00,569
2025-03-22T22:10+01:00,568
2025-03-22T22:11+01:00,567
2025-03-22T22:12+01:00,566
2025-03-22T22:13+01:00,565
2025-03-22T22:14+01:00,563
2025-03-22T22:15+01:00,562
2025-03-22T22:16+01:00,561
2025-03-22T22:17+01:00,560
2025-03-22T22:18+01:00,559
2025-03-22T22:19+01:00,558
2025-03-22T22:20+01:00,557
2025-03-22T22:21+01:00,555
2025-03-22T22:22+01:00,554
2025-03-22T22:23+01:00,553
2025-03-22T22:24+01:00,552
2025-03-22T22:25+01:00,551
2025-03-22T22:26+01:00,550
2025-03-22T22:27+01:00,548
2025-03-22T22:28+01:00,547
2025-03-22T22:29+01:00,546
2025-03-22T22:30+01:00,545
2025-03-22T22:31+01:00,543
2025-03-22T22:32+01:00,542
2025-03-22T22:33+01:00,541
2025-03-22T22:34+01:00,540
2025-03-22T22:35+01:00,538
2025-03-22T22:36+01:00,537
2025-03-22T22:37+01:00,536
2025-03-22T22:38+01:00,534
2025-03-22T22:39+01:00,533
2025-03-22T22:40+01:00,531
2025-03-22T22:41+01:00,530
2025-03-22T22:42+01:00,529
2025-03-22T22:43+01:00,528
2025-03-22T22:44+01:00,526
2025-03-22T22:45+01:00,525
2025-03-22T22:46+01:00,523
2025-03-22T22:47+01:00,522
2025-03-22T22:48+01:00,520
2025-03-22T22:49+01:00,519
2025-03-22T22:50+01:00,518
2025-03-22T22:51+01:00,516
2025-03-22T22:52+01:00,515
2025-03-22T22:53+01:00,513
2025-03-22T22:54+01:00,512
2025-03-22T22:55+01:00,510
2025-03-22T22:56+01:00,509
2025-03-22T22:57+01:00,508
2025-03-22T22:58+01:00,506
2025-03-22T22:59+01:00,505
2025-03-22T23:00+01:00,504
2025-03-22T23:01+01:00,502
2025-03-22T23:02+01:00,501
2025-03-22T23:03+01:00,499
2025-03-22T23:04+01:00,498
2025-03-22T23:05+01:00,496
2025-03-22T23:06+01:00,495
2025-03-22T23:07+01:00,493
2025-03-22T23:08+01:00,492
2025-03-22T23:09+01:00,490
2025-03-22T23:10+01:00,489
2025-03-22T23:11+01:00,487
2025-03-22T23:12+01:00,486
2025-03-22T23:13+01:00,485
2025-03-22T23:14+01:00,484
2025-03-22T23:15+01:00,482
2025-03-22T23:16+01:00,481
2025-03-22T23:17+01:00,479
2025-03-22T23:18+01:00,478
2025-03-22T23:19+01:00,476
2025-03-22T23:20+01:00,474
2025-03-22T23:21+01:00,473
2025-03-22T23:22+01:00,472
2025-03-22T23:23+01:00,471
2025-03-22T23:24+01:00,470
2025-03-22T23:25+01:00,468
2025-03-22T23:26+01:00,467
2025-03-22T23:27+01:00,465
2025-03-22T23:28+01:00,464
2025-03-22T23:29+01:00,463
2025-03-22T23:30+01:00,461
2025-03-22T23:31+01:00,460
2025-03-22T23:32+01:00,458
2025-03-22T23:33+01:00,457
2025-03-22T23:34+01:00,456
2025-03-22T23:35+01:00,455
2025-03-22T23:36+01:00,454
2025-03-22T23:37+01:00,453
2025-03-22T23:38+01:00,452
2025-03-22T23:39+01:00,450
2025-03-22T23:40+01:00,448
2025-03-22T23:41+01:00,447
2025-03-22T23:42+01:00,446
2025-03-22T23:43+01:00,445
2025-03-22T23:44+01:00,444
2025-03-22T23:45+01:00,443
2025-03-22T23:46+01:00,441
2025-03-22T23:47+01:00,439
2025-03-22T23:48+01:00,438
2025-03-22T23:49+01:00,437
2025-03-22T23:50+01:00,436
2025-03-22T23:51+01:00,436
2025-03-22T23:52+01:00,434
2025-03-22T23:53+01:00,433
2025-03-22T23:54+01:00,432
2025-03-22T23:55+01:00,430
2025-03-22T23:56+01:00,428
2025-03-22T23:57+01:00,427
2025-03-22T23:58+01:00,425
2025-03-22T23:59+01:00,424
2025-03-23T00:00+01:00,423
2025-03-23T00:01+01:00,422
2025-03-23T00:02+01:00,421
2025-03-23T00:03+01:00,421
2025-03-23T00:04+01:00,420
2025-03-23T00:05+01:00,419
2025-03-23T00:06+01:00,417
2025-03-23T00:07+01:00,415
2025-03-23T00:08+01:00,414
2025-03-23T00:09+01:00,413
2025-03-23T00:10+01:00,412
2025-03-23T00:11+01:00,411
2025-03-23T00:12+01:00,411
2025-03-23T00:13+01:00,410
2025-03-23T00:14+01:00,409
2025-03-23T00:15+01:00,407
2025-03-23T00:16+01:00,406
2025-03-23T00:17+01:00,406
2025-03-23T00:18+01:00,405
2025-03-23T00:19+01:00,404
2025-03-23T00:20+01:00,403
2025-03-23T00:21+01:00,402
2025-03-23T00:22+01:00,401
2025-03-23T00:23+01:00,400
2025-03-23T00:24+01:00,400
2025-03-23T00:25+01:00,398
2025-03-23T00:26+01:00,398
2025-03-23T00:27+01:00,396
2025-03-23T00:28+01:00,395
2025-03-23T00:29+01:00,394
2025-03-23T00:30+01:00,393
2025-03-23T00:31+01:00,392
2025-03-23T00:32+01:00,391
2025-03-23T00:33+01:00,391
2025-03-23T00:34+01:00,390
2025-03-23T00:35+01:00,389
2025-03-23T00:36+01:00,388
2025-03-23T00:37+01:00,387
2025-03-23T00:38+01:00,386
2025-03-23T00:39+01:00,386
2025-03-23T00:40+01:00,385
2025-03-23T00:41+01:00,384
2025-03-23T00:42+01:00,383
2025-03-23T00:43+01:00,382
2025-03-23T00:44+01:00,381
2025-03-23T00:45+01:00,380
2025-03-23T00:46+01:00,379
2025-03-23T00:47+01:00,378
2025-03-23T00:48+01:00,377
2025-03-23T00:49+01:00,376
2025-03-23T00:50+01:00,375
2025-03-23T00:51+01:00,374
2025-03-23T00:52+01:00,374
2025-03-23T00:53+01:00,373
2025-03-23T00:54+01:00,371
2025-03-23T00:55+01:00,371
2025-03-23T00:56+01:00,370
2025-03-23T00:57+01:00,370
2025-03-23T00:58+01:00,369
2025-03-23T00:59+01:00,368
2025-03-23T01:00+01:00,368
2025-03-23T01:01+01:00,366
2025-03-23T01:02+01:00,365
2025-03-23T01:03+01:00,364
2025-03-23T01:04+01:00,363
2025-03-23T01:05+01:00,363
2025-03-23T01:06+01:00,363
2025-03-23T01:07+01:00,362
2025-03-23T01:08+01:00,362
2025-03-23T01:09+01:00,360
2025-03-23T01:10+01:00,359
2025-03-23T01:11+01:00,358
2025-03-23T01:12+01:00,357
2025-03-23T01:13+01:00,357
2025-03-23T01:14+01:00,356
2025-03-23T01:15+01:00,355
2025-03-23T01:16+01:00,354
2025-03-23T01:17+01:00,353
2025-03-23T01:18+01:00,352
2025-03-23T01:19+01:00,352
2025-03-23T01:20+01:00,350
2025-03-23T01:21+01:00,350
2025-03-23T01:22+01:00,349
2025-03-23T01:23+01:00,349
2025-03-23T01:24+01:00,348
2025-03-23T01:25+01:00,347
2025-03-23T01:26+01:00,346
2025-03-23T01:27+01:00,345
2025-03-23T01:28+01:00,345
2025-03-23T01:29+01:00,344
2025-03-23T01:30+01:00,344
2025-03-23T01:31+01:00,342
2025-03-23T01:32+01:00,342
2025-03-23T01:33+01:00,341
2025-03-23T01:34+01:00,340
2025-03-23T01:35+01:00,340
2025-03-23T01:36+01:00,339
2025-03-23T01:37+01:00,338
2025-03-23T01:38+01:00,337
2025-03-23T01:39+01:00,336
2025-03-23T01:40+01:00,336
2025-03-23T01:41+01:00,335
2025-03-23T01:42+01:00,334
2025-03-23T01:43+01:00,334
2025-03-23T01:44+01:00,332
2025-03-23T01:45+01:00,332
2025-03-23T01:46+01:00,331
2025-03-23T01:47+01:00,331
2025-03-23T01:48+01:00,330
2025-03-23T01:49+01:00,329
2025-03-23T01:50+01:00,329
2025-03-23T01:51+01:00,328
2025-03-23T01:52+01:00,327
2025-03-23T01:53+01:00,327
2025-03-23T01:54+01:00,326
2025-03-23T01:55+01:00,325
2025-03-23T01:56+01:00,324
2025-03-23T01:57+01:00,323
2025-03-23T01:58+01:00,322
2025-03-23T01:59+01:00,321
2025-03-23T02:00+01:00,320
2025-03-23T02:01+01:00,320
2025-03-23T02:02+01:00,319
2025-03-23T02:03+01:00,318
2025-03-23T02:04+01:00,317
2025-03-23T02:05+01:00,316
2025-03-23T02:06+01:00,315
2025-03-23T02:07+01:00,315
2025-03-23T02:08+01:00,315
2025-03-23T02:09+01:00,315
2025-03-23T02:10+01:00,313
2025-03-23T02:11+01:00,313
2025-03-23T02:12+01:00,312
2025-03-23T02:13+01:00,310
2025-03-23T02:14+01:00,310
2025-03-23T02:15+01:00,309
2025-03-23T02:16+01:00,309
2025-03-23T02:17+01:00,308
2025-03-23T02:18+01:00,307
2025-03-23T02:19+01:00,306
2025-03-23T02:20+01:00,305
2025-03-23T02:21+01:00,305
2025-03-23T02:22+01:00,304
2025-03-23T02:23+01:00,304
2025-03-23T02:24+01:00,303
2025-03-23T02:25+01:00,302
2025-03-23T02:26+01:00,302
2025-03-23T02:27+01:00,301
2025-03-23T02:28+01:00,301
2025-03-23T02:29+01:00,299
2025-03-23T02:30+01:00,298
2025-03-23T02:31+01:00,298
2025-03-23T02:32+01:00,297
2025-03-23T02:33+01:00,296
2025-03-23T02:34+01:00,296
2025-03-23T02:35+01:00,295
2025-03-23T02:36+01:00,295
2025-03-23T02:37+01:00,294
2025-03-23T02:38+01:00,294
2025-03-23T02:39+01:00,293
2025-03-23T02:40+01:00,292
2025-03-23T02:41+01:00,292
2025-03-23T02:42+01:00,291
2025-03-23T02:43+01:00,290
2025-03-23T02:44+01:00,290
2025-03-23T02:45+01:00,289
2025-03-23T02:46+01:00,289
2025-03-23T02:47+01:00,288
2025-03-23T02:48+01:00,287
2025-03-23T02:49+01:00,286
2025-03-23T02:50+01:00,285
2025-03-23T02:51+01:00,285
2025-03-23T02:52+01:00,285
2025-03-23T02:53+01:00,284
2025-03-23T02:54+01:00,284
2025-03-23T02:55+01:00,283
2025-03-23T02:56+01:00,282
2025-03-23T02:57+01:00,282
2025-03-23T02:58+01:00,281
2025-03-23T02:59+01:00,281
2025-03-23T03:00+01:00,280
2025-03-23T03:01+01:00,279
2025-03-23T03:02+01:00,279
2025-03-23T03:03+01:00,278
2025-03-23T03:04+01:00,277
2025-03-23T03:05+01:00,277
2025-03-23T03:06+01:00,277
2025-03-23T03:07+01:00,276
2025-03-23T03:08+01:00,275
2025-03-23T03:09+01:00,275
2025-03-23T03:10+01:00,274
2025-03-23T03:11+01:00,273
2025-03-23T03:12+01:00,273
2025-03-23T03:13+01:00,272
2025-03-23T03:14+01:00,272
2025-03-23T03:15+01:00,271
2025-03-23T03:16+01:00,271
2025-03-23T03:17+01:00,271
2025-03-23T03:18+01:00,270
2025-03-23T03:19+01:00,270
2025-03-23T03:20+01:00,269
2025-03-23T03:21+01:00,269
2025-03-23T03:22+01:00,268
2025-03-23T03:23+01:00,268
2025-03-23T03:24+01:00,267
2025-03-23T03:25+01:00,266
2025-03-23T03:26+01:00,266
2025-03-23T03:27+01:00,266
2025-03-23T03:28+01:00,266
2025-03-23T03:29+01:00,265
2025-03-23T03:30+01:00,265
2025-03-23T03:31+01:00,265
2025-03-23T03:32+01:00,264
2025-03-23T03:33+01:00,264
2025-03-23T03:34+01:00,264
2025-03-23T03:35+01:00,263
2025-03-23T03:36+01:00,263
2025-03-23T03:37+01:00,263
2025-03-23T03:38+01:00,263
2025-03-23T03:39+01:00,263
2025-03-23T03:40+01:00,262
2025-03-23T03:41+01:00,262
2025-03-23T03:42+01:00,262
2025-03-23T03:43+01:00,262
2025-03-23T03:44+01:00,261
2025-03-23T03:45+01:00,261
2025-03-23T03:46+01:00,261
2025-03-23T03:47+01:00,260
2025-03-23T03:48+01:00,260
2025-03-23T03:49+01:00,260
2025-03-23T03:50+01:00,260
2025-03-23T03:51+01:00,260
2025-03-23T03:52+01:00,260
2025-03-23T03:53+01:00,260
2025-03-23T03:54+01:00,260
2025-03-23T03:55+01:00,260
2025-03-23T03:56+01:00,260
2025-03-23T03:57+01:00,261
2025-03-23T03:58+01:00,261
2025-03-23T03:59+01:00,261
2025-03-23T04:00+01:00,261
2025-03-23T04:01+01:00,261
2025-03-23T04:02+01:00,262
2025-03-23T04:03+01:00,262
2025-03-23T04:04+01:00,263
2025-03-23T04:05+01:00,263
2025-03-23T04:06+01:00,264
2025-03-23T04:07+01:00,265
2025-03-23T04:08+01:00,266
2025-03-23T04:09+01:00,266
2025-03-23T04:10+01:00,267
2025-03-23T04:11+01:00,268
2025-03-23T04:12+01:00,269
2025-03-23T04:13+01:00,270
2025-03-23T04:14+01:00,271
2025-03-23T04:15+01:00,273
2025-03-23T04:16+01:00,274
2025-03-23T04:17+01:00,276
2025-03-23T04:18+01:00,277
2025-03-23T04:19+01:00,279
2025-03-23T04:20+01:00,281
2025-03-23T04:21+01:00,283
2025-03-23T04:22+01:00,285
2025-03-23T04:23+01:00,288
2025-03-23T04:24+01:00,290
2025-03-23T04:25+01:00,292
2025-03-23T04:26+01:00,295
2025-03-23T04:27+01:00,297
2025-03-23T04:28+01:00,300
2025-03-23T04:29+01:00,302
2025-03-23T04:30+01:00,305
2025-03-23T04:31+01:00,307
2025-03-23T04:32+01:00,310
2025-03-23T04:33+01:00,313
2025-03-23T04:34+01:00,316
2025-03-23T04:35+01:00,318
2025-03-23T04:36+01:00,321
2025-03-23T04:37+01:00,324
2025-03-23T04:38+01:00,326
2025-03-23T04:39+01:00,329
2025-03-23T04:40+01:00,332
2025-03-23T04:41+01:00,334
2025-03-23T04:42+01:00,337
2025-03-23T04:43+01:00,339
2025-03-23T04:44+01:00,342
2025-03-23T04:45+01:00,345
2025-03-23T04:46+01:00,347
2025-03-23T04:47+01:00,350
2025-03-23T04:48+01:00,352
2025-03-23T04:49+01:00,354
2025-03-23T04:50+01:00,357
2025-03-23T04:51+01:00,359
2025-03-23T04:52+01:00,361
2025-03-23T04:53+01:00,363
2025-03-23T04:54+01:00,365
2025-03-23T04:55+01:00,367
2025-03-23T04:56+01:00,369
2025-03-23T04:57+01:00,371
2025-03-23T04:58+01:00,372
2025-03-23T04:59+01:00,374
2025-03-23T05:00+01:00,376
2025-03-23T05:01+01:00,378
2025-03-23T05:02+01:00,380
2025-03-23T05:03+01:00,382
2025-03-23T05:04+01:00,384
2025-03-23T05:05+01:00,385
2025-03-23T05:06+01:00,387
2025-03-23T05:07+01:00,389
2025-03-23T05:08+01:00,391
2025-03-23T05:09+01:00,393
2025-03-23T05:10+01:00,395
2025-03-23T05:11+01:00,397
2025-03-23T05:12+01:00,399
2025-03-23T05:13+01:00,401
2025-03-23T05:14+01:00,403
2025-03-23T05:15+01:00,405
2025-03-23T05:16+01:00,406
2025-03-23T05:17+01:00,408
2025-03-23T05:18+01:00,410
2025-03-23T05:19+01:00,412
2025-03-23T05:20+01:00,414
2025-03-23T05:21+01:00,416
2025-03-23T05:22+01:00,419
2025-03-23T05:23+01:00,421
2025-03-23T05:24+01:00,423
2025-03-23T05:25+01:00,424
2025-03-23T05:26+01:00,427
2025-03-23T05:27+01:00,429
2025-03-23T05:28+01:00,431
2025-03-23T05:29+01:00,434
2025-03-23T05:30+01:00,435
2025-03-23T05:31+01:00,438
2025-03-23T05:32+01:00,439
2025-03-23T05:33+01:00,442
2025-03-23T05:34+01:00,444
2025-03-23T05:35+01:00,446
2025-03-23T05:36+01:00,448
2025-03-23T05:37+01:00,449
2025-03-23T05:38+01:00,451
2025-03-23T05:39+01:00,453
2025-03-23T05:40+01:00,455
2025-03-23T05:41+01:00,457
2025-03-23T05:42+01:00,458
2025-03-23T05:43+01:00,460
2025-03-23T05:44+01:00,461
2025-03-23T05:45+01:00,463
2025-03-23T05:46+01:00,465
2025-03-23T05:47+01:00,466
2025-03-23T05:48+01:00,468
2025-03-23T05:49+01:00,470
2025-03-23T05:50+01:00,472
2025-03-23T05:51+01:00,474
2025-03-23T05:52+01:00,475
2025-03-23T05:53+01:00,477
2025-03-23T05:54+01:00,478
2025-03-23T05:55+01:00,479
2025-03-23T05:56+01:00,480
2025-03-23T05:57+01:00,482
2025-03-23T05:58+01:00,484
2025-03-23T05:59+01:00,485
2025-03-23T06:00+01:00,486
2025-03-23T06:01+01:00,487
2025-03-23T06:02+01:00,488
2025-03-23T06:03+01:00,489
2025-03-23T06:04+01:00,489
2025-03-23T06:05+01:00,491
2025-03-23T06:06+01:00,493
2025-03-23T06:07+01:00,494
2025-03-23T06:08+01:00,496
2025-03-23T06:09+01:00,497
2025-03-23T06:10+01:00,499
2025-03-23T06:11+01:00,502
2025-03-23T06:12+01:00,503
2025-03-23T06:13+01:00,504
2025-03-23T06:14+01:00,505
2025-03-23T06:15+01:00,506
2025-03-23T06:16+01:00,506
2025-03-23T06:17+01:00,507
2025-03-23T06:18+01:00,508
2025-03-23T06:19+01:00,510
2025-03-23T06:20+01:00,511
2025-03-23T06:21+01:00,512
2025-03-23T06:22+01:00,513
2025-03-23T06:23+01:00,514
2025-03-23T06:24+01:00,515
2025-03-23T06:25+01:00,516
2025-03-23T06:26+01:00,517
2025-03-23T06:27+01:00,518
2025-03-23T06:28+01:00,519
2025-03-23T06:29+01:00,520
2025-03-23T06:30+01:00,521
2025-03-23T06:31+01:00,522
2025-03-23T06:32+01:00,524
2025-03-23T06:33+01:00,526
2025-03-23T06:34+01:00,526
2025-03-23T06:35+01:00,527
2025-03-23T06:36+01:00,528
2025-03-23T06:37+01:00,529
2025-03-23T06:38+01:00,530
2025-03-23T06:43+01:00,535
2025-03-23T06:56+01:00,548
2025-03-23T07:07+01:00,557
2025-03-23T07:20+01:00,566
2025-03-23T07:31+01:00,574
2025-03-23T07:43+01:00,583
2025-03-23T07:55+01:00,589
2025-03-23T08:07+01:00,596
2025-03-23T08:19+01:00,603
2025-03-23T08:31+01:00,609
2025-03-23T08:44+01:00,614
2025-03-23T08:55+01:00,617
2025-03-23T09:07+01:00,618
2025-03-23T09:19+01:00,621
2025-03-23T09:31+01:00,621
2025-03-23T09:43+01:00,619
2025-03-23T09:55+01:00,615
2025-03-23T10:07+01:00,610
2025-03-23T10:19+01:00,603
2025-03-23T10:31+01:00,592
2025-03-23T10:43+01:00,580
2025-03-23T10:55+01:00,567
2025-03-23T11:07+01:00,554
2025-03-23T11:19+01:00,539
2025-03-23T11:32+01:00,520
2025-03-23T11:43+01:00,505
2025-03-23T11:55+01:00,490
2025-03-23T12:08+01:00,473
2025-03-23T12:20+01:00,459
2025-03-23T12:31+01:00,447
2025-03-23T12:44+01:00,433
2025-03-23T12:55+01:00,422
2025-03-23T13:07+01:00,411
2025-03-23T13:19+01:00,402
2025-03-23T13:32+01:00,391
2025-03-23T13:43+01:00,382
2025-03-23T13:56+01:00,372
2025-03-23T14:08+01:00,365
2025-03-23T14:19+01:00,358
2025-03-23T14:32+01:00,349
2025-03-23T14:43+01:00,342
2025-03-23T14:55+01:00,337
2025-03-23T15:08+01:00,330
2025-03-23T15:20+01:00,324
2025-03-23T15:31+01:00,321
2025-03-23T15:43+01:00,317
2025-03-23T15:55+01:00,316
2025-03-23T16:08+01:00,325
2025-03-23T16:19+01:00,339
2025-03-23T16:31+01:00,364
2025-03-23T16:43+01:00,390
2025-03-23T16:55+01:00,414
2025-03-23T17:07+01:00,435
2025-03-23T17:20+01:00,462
2025-03-23T17:31+01:00,483
2025-03-23T17:43+01:00,504
2025-03-23T17:55+01:00,523
2025-03-23T18:07+01:00,540
2025-03-23T18:19+01:00,554
2025-03-23T18:31+01:00,567
2025-03-23T18:43+01:00,581
2025-03-23T18:55+01:00,594
2025-03-23T19:07+01:00,605
2025-03-23T19:20+01:00,616
2025-03-23T19:31+01:00,626
2025-03-23T19:43+01:00,636
2025-03-23T19:55+01:00,645
2025-03-23T20:07+01:00,652
2025-03-23T20:20+01:00,660
2025-03-23T20:31+01:00,666
2025-03-23T20:43+01:00,672
2025-03-23T20:55+01:00,677
2025-03-23T21:07+01:00,681
2025-03-23T21:19+01:00,685
2025-03-23T21:31+01:00,687
2025-03-23T21:43+01:00,688
2025-03-23T21:56+01:00,686
2025-03-23T22:07+01:00,683
2025-03-23T22:20+01:00,676
2025-03-23T22:32+01:00,667
2025-03-23T22:43+01:00,659
2025-03-23T22:55+01:00,646
2025-03-23T23:08+01:00,632
2025-03-23T23:19+01:00,619
2025-03-23T23:31+01:00,604
2025-03-23T23:44+01:00,588
2025-03-23T23:55+01:00,573
2025-03-24T00:08+01:00,556
2025-03-24T00:19+01:00,543
2025-03-24T00:31+01:00,527
2025-03-24T00:43+01:00,513
2025-03-24T00:55+01:00,500
2025-03-24T01:07+01:00,486
2025-03-24T01:19+01:00,473
2025-03-24T01:32+01:00,460
2025-03-24T01:43+01:00,448
2025-03-24T01:56+01:00,437
2025-03-24T02:08+01:00,426
2025-03-24T02:19+01:00,417
2025-03-24T02:32+01:00,406
2025-03-24T02:44+01:00,397
2025-03-24T02:55+01:00,389
2025-03-24T03:07+01:00,380
2025-03-24T03:19+01:00,371
2025-03-24T03:32+01:00,363
2025-03-24T03:43+01:00,356
2025-03-24T03:55+01:00,350
2025-03-24T04:07+01:00,344
2025-03-24T04:19+01:00,337
2025-03-24T04:32+01:00,332
2025-03-24T04:43+01:00,332
2025-03-24T04:56+01:00,335
2025-03-24T05:07+01:00,341
2025-03-24T05:19+01:00,360
2025-03-24T05:31+01:00,383
2025-03-24T05:43+01:00,407
2025-03-24T05:56+01:00,431
2025-03-24T06:08+01:00,455
2025-03-24T06:19+01:00,477
2025-03-24T06:31+01:00,499
2025-03-24T06:44+01:00,520
2025-03-24T06:55+01:00,537
2025-03-24T07:07+01:00,553
2025-03-24T07:18+01:00,565
2025-03-24T07:31+01:00,577
2025-03-24T07:43+01:00,590
2025-03-24T07:53+01:00,599
2025-03-24T08:04+01:00,608
2025-03-24T08:20+01:00,621
2025-03-24T08:32+01:00,629
2025-03-24T08:43+01:00,637
2025-03-24T08:56+01:00,645
2025-03-24T09:08+01:00,653
2025-03-24T09:19+01:00,658
2025-03-24T09:31+01:00,664
2025-03-24T09:43+01:00,669
2025-03-24T09:56+01:00,673
2025-03-24T10:07+01:00,675
2025-03-24T10:19+01:00,676
2025-03-24T10:32+01:00,675
2025-03-24T10:43+01:00,672
2025-03-24T10:56+01:00,666
2025-03-24T11:07+01:00,659
2025-03-24T11:19+01:00,649
2025-03-24T11:31+01:00,641
2025-03-24T11:43+01:00,629
2025-03-24T11:55+01:00,616
2025-03-24T12:08+01:00,602
2025-03-24T12:19+01:00,590
2025-03-24T12:31+01:00,574
2025-03-24T12:43+01:00,559
2025-03-24T12:55+01:00,546
2025-03-24T13:08+01:00,531
2025-03-24T13:20+01:00,517
2025-03-24T13:32+01:00,505
2025-03-24T13:43+01:00,493
2025-03-24T13:55+01:00,481
2025-03-24T14:07+01:00,470
2025-03-24T14:19+01:00,458
2025-03-24T14:31+01:00,448
2025-03-24T14:43+01:00,438
2025-03-24T14:55+01:00,429
2025-03-24T15:08+01:00,419
2025-03-24T15:20+01:00,411
2025-03-24T15:31+01:00,404
2025-03-24T15:43+01:00,396
2025-03-24T15:55+01:00,389
2025-03-24T16:07+01:00,382
2025-03-24T16:19+01:00,376
2025-03-24T16:31+01:00,370
2025-03-24T16:43+01:00,366
2025-03-24T16:56+01:00,362
2025-03-24T17:07+01:00,361
2025-03-24T17:20+01:00,364
2025-03-24T17:32+01:00,372
2025-03-24T17:44+01:00,385
2025-03-24T17:56+01:00,404
2025-03-24T18:07+01:00,423
2025-03-24T18:19+01:00,441
2025-03-24T18:31+01:00,460
2025-03-24T18:43+01:00,481
2025-03-24T18:56+01:00,503
2025-03-24T19:07+01:00,520
2025-03-24T19:19+01:00,537
2025-03-24T19:31+01:00,552
2025-03-24T19:44+01:00,566
2025-03-24T19:56+01:00,580
2025-03-24T20:08+01:00,593
2025-03-24T20:19+01:00,604
2025-03-24T20:32+01:00,615
2025-03-24T20:43+01:00,625
2025-03-24T20:55+01:00,636
2025-03-24T21:07+01:00,644
2025-03-24T21:19+01:00,655
2025-03-24T21:31+01:00,664
2025-03-24T21:44+01:00,672
2025-03-24T21:56+01:00,680
2025-03-24T22:08+01:00,685
2025-03-24T22:20+01:00,692
2025-03-24T22:31+01:00,695
2025-03-24T22:43+01:00,699
2025-03-24T22:56+01:00,701
2025-03-24T23:08+01:00,700
2025-03-24T23:20+01:00,700
2025-03-24T23:31+01:00,695
2025-03-24T23:44+01:00,692
2025-03-24T23:56+01:00,683
2025-03-25T00:07+01:00,673
2025-03-25T00:19+01:00,662
2025-03-25T00:31+01:00,650
2025-03-25T00:44+01:00,635
2025-03-25T00:56+01:00,620
2025-03-25T01:07+01:00,609
2025-03-25T01:20+01:00,592
2025-03-25T01:31+01:00,580
2025-03-25T01:43+01:00,565
2025-03-25T01:55+01:00,552
2025-03-25T02:08+01:00,538
2025-03-25T02:20+01:00,525
2025-03-25T02:32+01:00,513
2025-03-25T02:43+01:00,502
2025-03-25T02:56+01:00,489
2025-03-25T03:08+01:00,478
2025-03-25T03:19+01:00,468
2025-03-25T03:31+01:00,458
2025-03-25T03:43+01:00,447
2025-03-25T03:55+01:00,437
2025-03-25T04:07+01:00,427
2025-03-25T04:20+01:00,418
2025-03-25T04:31+01:00,409
2025-03-25T04:44+01:00,399
2025-03-25T04:55+01:00,391
2025-03-25T05:08+01:00,382
2025-03-25T05:19+01:00,375
2025-03-25T05:31+01:00,368
2025-03-25T05:43+01:00,362
2025-03-25T05:55+01:00,356
2025-03-25T06:07+01:00,350
2025-03-25T06:19+01:00,345
2025-03-25T06:31+01:00,344
2025-03-25T06:44+01:00,345
2025-03-25T06:56+01:00,350
2025-03-25T07:08+01:00,364
2025-03-25T07:19+01:00,381
2025-03-25T07:31+01:00,403
2025-03-25T07:43+01:00,425
2025-03-25T07:55+01:00,447
2025-03-25T08:07+01:00,469
2025-03-25T08:19+01:00,491
2025-03-25T08:31+01:00,512
2025-03-25T08:44+01:00,532
2025-03-25T08:55+01:00,546
2025-03-25T09:07+01:00,561
2025-03-25T09:20+01:00,575
2025-03-25T09:31+01:00,587
2025-03-25T09:43+01:00,599
2025-03-25T09:55+01:00,609
2025-03-25T10:07+01:00,620
2025-03-25T10:20+01:00,630
2025-03-25T10:31+01:00,639
2025-03-25T10:43+01:00,647
2025-03-25T10:55+01:00,655
2025-03-25T11:07+01:00,662
2025-03-25T11:19+01:00,668
2025-03-25T11:32+01:00,675
2025-03-25T11:43+01:00,680
2025-03-25T11:55+01:00,683
2025-03-25T12:07+01:00,686
2025-03-25T12:19+01:00,688
2025-03-25T12:32+01:00,688
2025-03-25T12:44+01:00,686
2025-03-25T12:56+01:00,685
2025-03-25T13:07+01:00,678
2025-03-25T13:20+01:00,670
2025-03-25T13:31+01:00,660
2025-03-25T13:44+01:00,648
2025-03-25T13:56+01:00,635
2025-03-25T14:08+01:00,622
2025-03-25T14:19+01:00,609
2025-03-25T14:32+01:00,593
2025-03-25T14:44+01:00,580
2025-03-25T14:56+01:00,566
2025-03-25T15:07+01:00,554
2025-03-25T15:19+01:00,540
2025-03-25T15:31+01:00,527
2025-03-25T15:43+01:00,516
2025-03-25T15:56+01:00,503
2025-03-25T16:07+01:00,492
2025-03-25T16:19+01:00,481
2025-03-25T16:32+01:00,470
2025-03-25T16:44+01:00,459
2025-03-25T16:56+01:00,451
2025-03-25T17:07+01:00,443
2025-03-25T17:20+01:00,434
2025-03-25T17:32+01:00,427
2025-03-25T17:43+01:00,420
2025-03-25T17:56+01:00,412
2025-03-25T18:07+01:00,406
2025-03-25T18:19+01:00,400
2025-03-25T18:31+01:00,393
2025-03-25T18:44+01:00,387
2025-03-25T18:55+01:00,383
2025-03-25T19:07+01:00,380
2025-03-25T19:19+01:00,378
2025-03-25T19:32+01:00,380
2025-03-25T19:43+01:00,385
2025-03-25T19:56+01:00,398
2025-03-25T20:08+01:00,415
2025-03-25T20:19+01:00,434
2025-03-25T20:31+01:00,456
2025-03-25T20:44+01:00,481
2025-03-25T20:56+01:00,503
2025-03-25T21:07+01:00,522
2025-03-25T21:20+01:00,545
2025-03-25T21:32+01:00,562
2025-03-25T21:44+01:00,578
2025-03-25T21:56+01:00,594
2025-03-25T22:07+01:00,607
2025-03-25T22:19+01:00,620
2025-03-25T22:31+01:00,632
2025-03-25T22:44+01:00,646
2025-03-25T22:55+01:00,656
2025-03-25T23:08+01:00,667
2025-03-25T23:20+01:00,676
2025-03-25T23:32+01:00,687
2025-03-25T23:44+01:00,695
2025-03-25T23:55+01:00,702
2025-03-26T00:06+01:00,707
2025-03-26T00:19+01:00,713
2025-03-26T00:32+01:00,721
2025-03-26T00:43+01:00,726
2025-03-26T00:56+01:00,726
2025-03-26T01:07+01:00,727
2025-03-26T01:20+01:00,727
2025-03-26T01:32+01:00,724
2025-03-26T01:44+01:00,720
2025-03-26T01:55+01:00,713
2025-03-26T02:07+01:00,703
2025-03-26T02:19+01:00,690
2025-03-26T02:32+01:00,677
2025-03-26T02:44+01:00,662
2025-03-26T02:56+01:00,648
2025-03-26T03:07+01:00,634
2025-03-26T03:19+01:00,619
2025-03-26T03:31+01:00,603
2025-03-26T03:44+01:00,586
2025-03-26T03:56+01:00,572
2025-03-26T04:08+01:00,558
2025-03-26T04:20+01:00,545
2025-03-26T04:31+01:00,533
2025-03-26T04:44+01:00,519
2025-03-26T04:55+01:00,509
2025-03-26T05:07+01:00,497
2025-03-26T05:19+01:00,485
2025-03-26T05:31+01:00,473
2025-03-26T05:43+01:00,463
2025-03-26T05:56+01:00,451
2025-03-26T06:08+01:00,440
2025-03-26T06:19+01:00,430
2025-03-26T06:31+01:00,421
2025-03-26T06:43+01:00,411
2025-03-26T06:56+01:00,401
2025-03-26T07:08+01:00,394
2025-03-26T07:20+01:00,385
2025-03-26T07:32+01:00,376
2025-03-26T07:43+01:00,369
2025-03-26T07:55+01:00,365
2025-03-26T08:07+01:00,358
2025-03-26T08:20+01:00,355
2025-03-26T08:31+01:00,353
2025-03-26T08:43+01:00,356
2025-03-26T08:55+01:00,363
2025-03-26T09:07+01:00,382
2025-03-26T09:20+01:00,409
2025-03-26T09:31+01:00,436
2025-03-26T09:44+01:00,462
2025-03-26T09:55+01:00,482
2025-03-26T10:08+01:00,511
2025-03-26T10:20+01:00,535
2025-03-26T10:31+01:00,552
2025-03-26T10:43+01:00,570
2025-03-26T10:56+01:00,586
2025-03-26T11:08+01:00,599
2025-03-26T11:19+01:00,611
2025-03-26T11:32+01:00,622
2025-03-26T11:43+01:00,632
2025-03-26T11:56+01:00,644
2025-03-26T12:07+01:00,652
2025-03-26T12:19+01:00,660
2025-03-26T12:32+01:00,670
2025-03-26T12:44+01:00,678
2025-03-26T12:56+01:00,683
2025-03-26T13:07+01:00,690
2025-03-26T13:20+01:00,698
2025-03-26T13:31+01:00,701
2025-03-26T13:43+01:00,704
2025-03-26T13:55+01:00,705
2025-03-26T14:07+01:00,707
2025-03-26T14:20+01:00,705
2025-03-26T14:31+01:00,701
2025-03-26T14:44+01:00,694
2025-03-26T14:56+01:00,685
2025-03-26T15:07+01:00,673
2025-03-26T15:19+01:00,659
2025-03-26T15:31+01:00,645
2025-03-26T15:44+01:00,628
2025-03-26T15:55+01:00,614
2025-03-26T16:08+01:00,596
2025-03-26T16:20+01:00,580
2025-03-26T16:32+01:00,564
2025-03-26T16:44+01:00,550
2025-03-26T16:56+01:00,536
2025-03-26T17:07+01:00,524
2025-03-26T17:19+01:00,511
2025-03-26T17:32+01:00,497
2025-03-26T17:43+01:00,486
2025-03-26T17:55+01:00,474
2025-03-26T18:07+01:00,463
2025-03-26T18:20+01:00,452
2025-03-26T18:32+01:00,442
2025-03-26T18:43+01:00,433
2025-03-26T18:56+01:00,422
2025-03-26T19:08+01:00,413
2025-03-26T19:19+01:00,404
2025-03-26T19:31+01:00,396
2025-03-26T19:44+01:00,386
2025-03-26T19:55+01:00,380
2025-03-26T20:07+01:00,371
2025-03-26T20:19+01:00,364
2025-03-26T20:31+01:00,358
2025-03-26T20:43+01:00,351
2025-03-26T20:56+01:00,347
2025-03-26T21:07+01:00,348
2025-03-26T21:19+01:00,345
2025-03-26T21:31+01:00,347
2025-03-26T21:43+01:00,360
2025-03-26T21:55+01:00,392
2025-03-26T22:07+01:00,425
2025-03-26T22:19+01:00,454
2025-03-26T22:32+01:00,479
2025-03-26T22:43+01:00,505
2025-03-26T22:56+01:00,533
2025-03-26T23:07+01:00,553
2025-03-26T23:19+01:00,571
2025-03-26T23:31+01:00,588
2025-03-26T23:44+01:00,602
2025-03-26T23:56+01:00,616
2025-03-27T00:07+01:00,627
2025-03-27T00:19+01:00,639
2025-03-27T00:32+01:00,650
2025-03-27T00:43+01:00,659
2025-03-27T00:55+01:00,668
2025-03-27T01:07+01:00,677
2025-03-27T01:19+01:00,685
2025-03-27T01:32+01:00,692
2025-03-27T01:43+01:00,698
2025-03-27T01:56+01:00,703
2025-03-27T02:08+01:00,707
2025-03-27T02:19+01:00,709
2025-03-27T02:31+01:00,711
2025-03-27T02:43+01:00,708
2025-03-27T02:55+01:00,705
2025-03-27T03:07+01:00,699
2025-03-27T03:19+01:00,687
2025-03-27T03:31+01:00,675
2025-03-27T03:44+01:00,658
2025-03-27T03:55+01:00,644
2025-03-27T04:07+01:00,626
2025-03-27T04:19+01:00,609
2025-03-27T04:32+01:00,591
2025-03-27T04:44+01:00,574
2025-03-27T04:56+01:00,558
2025-03-27T05:08+01:00,543
2025-03-27T05:19+01:00,528
2025-03-27T05:31+01:00,515
2025-03-27T05:43+01:00,500
2025-03-27T05:55+01:00,487
2025-03-27T06:07+01:00,474
2025-03-27T06:20+01:00,460
2025-03-27T06:31+01:00,450
2025-03-27T06:43+01:00,439
2025-03-27T06:56+01:00,427
2025-03-27T07:07+01:00,418
2025-03-27T07:20+01:00,406
2025-03-27T07:32+01:00,397
2025-03-27T07:43+01:00,387
2025-03-27T07:56+01:00,378
2025-03-27T08:07+01:00,369
2025-03-27T08:20+01:00,361
2025-03-27T08:32+01:00,351
2025-03-27T08:43+01:00,344
2025-03-27T08:55+01:00,335
2025-03-27T09:07+01:00,329
2025-03-27T09:19+01:00,323
2025-03-27T09:31+01:00,319
2025-03-27T09:43+01:00,315
2025-03-27T09:56+01:00,314
2025-03-27T10:07+01:00,319
2025-03-27T10:19+01:00,339
2025-03-27T10:31+01:00,374
2025-03-27T10:44+01:00,414
2025-03-27T10:55+01:00,442
2025-03-27T11:07+01:00,467
2025-03-27T11:20+01:00,497
2025-03-27T11:31+01:00,521
2025-03-27T11:43+01:00,544
2025-03-27T11:55+01:00,562
2025-03-27T12:07+01:00,578
2025-03-27T12:19+01:00,591
2025-03-27T12:31+01:00,604
2025-03-27T12:44+01:00,618
2025-03-27T12:56+01:00,630
2025-03-27T13:08+01:00,641
2025-03-27T13:19+01:00,651
2025-03-27T13:32+01:00,661
2025-03-27T13:43+01:00,671
2025-03-27T13:55+01:00,680
2025-03-27T14:08+01:00,689
2025-03-27T14:20+01:00,696
2025-03-27T14:32+01:00,703
2025-03-27T14:44+01:00,708
2025-03-27T14:55+01:00,711
2025-03-27T15:08+01:00,713
2025-03-27T15:20+01:00,713
2025-03-27T15:31+01:00,710
2025-03-27T15:43+01:00,704
2025-03-27T15:55+01:00,696
2025-03-27T16:08+01:00,682
2025-03-27T16:20+01:00,667
2025-03-27T16:31+01:00,652
2025-03-27T16:43+01:00,635
2025-03-27T16:54+01:00,620
2025-03-27T17:06+01:00,604
2025-03-27T17:19+01:00,584
2025-03-27T17:31+01:00,567
2025-03-27T17:43+01:00,551
2025-03-27T17:54+01:00,536
2025-03-27T18:07+01:00,520
2025-03-27T18:20+01:00,504
2025-03-27T18:32+01:00,491
2025-03-27T18:42+01:00,480
2025-03-27T18:55+01:00,466
2025-03-27T19:07+01:00,454
2025-03-27T19:20+01:00,443
2025-03-27T19:31+01:00,433
2025-03-27T19:42+01:00,423
2025-03-27T19:54+01:00,415
2025-03-27T20:06+01:00,405
2025-03-27T20:18+01:00,395
2025-03-27T20:31+01:00,384
2025-03-27T20:44+01:00,375
2025-03-27T20:56+01:00,367
2025-03-27T21:07+01:00,358
2025-03-27T21:20+01:00,350
2025-03-27T21:31+01:00,343
2025-03-27T21:44+01:00,336
2025-03-27T21:55+01:00,331
2025-03-27T22:07+01:00,326
2025-03-27T22:20+01:00,327
2025-03-27T22:32+01:00,335
2025-03-27T22:44+01:00,364
2025-03-27T22:55+01:00,400
2025-03-27T23:07+01:00,439
2025-03-27T23:20+01:00,469
2025-03-27T23:31+01:00,493
2025-03-27T23:44+01:00,526
2025-03-27T23:56+01:00,552
2025-03-28T00:07+01:00,572
2025-03-28T00:20+01:00,591
2025-03-28T00:31+01:00,604
2025-03-28T00:43+01:00,618
2025-03-28T00:56+01:00,633
2025-03-28T01:07+01:00,646
2025-03-28T01:20+01:00,659
2025-03-28T01:32+01:00,671
2025-03-28T01:43+01:00,680
2025-03-28T01:55+01:00,690
2025-03-28T02:07+01:00,701
2025-03-28T02:20+01:00,709
2025-03-28T02:31+01:00,716
2025-03-28T02:43+01:00,723
2025-03-28T02:55+01:00,727
2025-03-28T03:07+01:00,730
2025-03-28T03:19+01:00,733
2025-03-28T03:32+01:00,731
2025-03-28T03:44+01:00,728
2025-03-28T03:55+01:00,721
2025-03-28T04:08+01:00,710
2025-03-28T04:19+01:00,699
2025-03-28T04:32+01:00,680
2025-03-28T04:44+01:00,662
2025-03-28T04:56+01:00,644
2025-03-28T05:07+01:00,627
2025-03-28T05:19+01:00,610
2025-03-28T05:31+01:00,591
2025-03-28T05:43+01:00,574
2025-03-28T05:55+01:00,558
2025-03-28T06:07+01:00,542
2025-03-28T06:19+01:00,526
2025-03-28T06:31+01:00,511
2025-03-28T06:44+01:00,496
2025-03-28T06:55+01:00,483
2025-03-28T07:07+01:00,469
2025-03-28T07:20+01:00,456
2025-03-28T07:31+01:00,445
2025-03-28T07:43+01:00,433
2025-03-28T07:55+01:00,423
2025-03-28T08:07+01:00,413
2025-03-28T08:19+01:00,402
2025-03-28T08:32+01:00,390
2025-03-28T08:44+01:00,379
2025-03-28T08:56+01:00,369
2025-03-28T09:08+01:00,360
2025-03-28T09:19+01:00,352
2025-03-28T09:31+01:00,342
2025-03-28T09:44+01:00,332
2025-03-28T09:56+01:00,325
2025-03-28T10:07+01:00,318
2025-03-28T10:20+01:00,312
2025-03-28T10:32+01:00,306
2025-03-28T10:43+01:00,303
2025-03-28T10:55+01:00,304
2025-03-28T11:07+01:00,315
2025-03-28T11:19+01:00,348
2025-03-28T11:32+01:00,396
2025-03-28T11:43+01:00,428
2025-03-28T11:55+01:00,456
2025-03-28T12:07+01:00,482
2025-03-28T12:20+01:00,514
2025-03-28T12:32+01:00,540
2025-03-28T12:44+01:00,558
2025-03-28T12:56+01:00,574
2025-03-28T13:08+01:00,588
2025-03-28T13:19+01:00,599
2025-03-28T13:32+01:00,613
2025-03-28T13:43+01:00,624
2025-03-28T13:55+01:00,634
2025-03-28T14:08+01:00,646
2025-03-28T14:19+01:00,655
2025-03-28T14:31+01:00,665
2025-03-28T14:43+01:00,675
2025-03-28T14:56+01:00,684
2025-03-28T15:07+01:00,691
2025-03-28T15:19+01:00,699
2025-03-28T15:31+01:00,704
2025-03-28T15:43+01:00,708
2025-03-28T15:56+01:00,712
2025-03-28T16:07+01:00,712
2025-03-28T16:20+01:00,710
2025-03-28T16:31+01:00,707
2025-03-28T16:44+01:00,700
2025-03-28T16:56+01:00,689
2025-03-28T17:07+01:00,677
2025-03-28T17:19+01:00,661
2025-03-28T17:32+01:00,645
2025-03-28T17:44+01:00,629
2025-03-28T17:56+01:00,612
2025-03-28T18:07+01:00,596
2025-03-28T18:19+01:00,578
2025-03-28T18:31+01:00,561
2025-03-28T18:44+01:00,543
2025-03-28T18:55+01:00,529
2025-03-28T19:07+01:00,515
2025-03-28T19:19+01:00,502
2025-03-28T19:31+01:00,487
2025-03-28T19:44+01:00,475
2025-03-28T19:56+01:00,463
2025-03-28T20:07+01:00,453
2025-03-28T20:19+01:00,444
2025-03-28T20:32+01:00,431
2025-03-28T20:44+01:00,421
2025-03-28T20:55+01:00,412
2025-03-28T21:07+01:00,403
2025-03-28T21:19+01:00,393
2025-03-28T21:31+01:00,383
2025-03-28T21:44+01:00,372
2025-03-28T21:56+01:00,364
2025-03-28T22:08+01:00,356
2025-03-28T22:19+01:00,349
2025-03-28T22:31+01:00,342
2025-03-28T22:44+01:00,335
2025-03-28T22:56+01:00,332
2025-03-28T23:07+01:00,331
2025-03-28T23:19+01:00,341
2025-03-28T23:32+01:00,377
2025-03-28T23:43+01:00,419
2025-03-28T23:55+01:00,458
2025-03-29T00:08+01:00,487
2025-03-29T00:19+01:00,513
2025-03-29T00:31+01:00,545
2025-03-29T00:43+01:00,571
2025-03-29T00:56+01:00,593
2025-03-29T01:08+01:00,611
2025-03-29T01:19+01:00,624
2025-03-29T01:31+01:00,639
2025-03-29T01:44+01:00,656
2025-03-29T01:55+01:00,670
2025-03-29T02:07+01:00,684
2025-03-29T02:19+01:00,697
2025-03-29T02:31+01:00,708
2025-03-29T02:44+01:00,720
2025-03-29T02:56+01:00,730
2025-03-29T03:07+01:00,738
2025-03-29T03:20+01:00,747
2025-03-29T03:32+01:00,754
2025-03-29T03:43+01:00,758
2025-03-29T03:55+01:00,762
2025-03-29T04:08+01:00,765
2025-03-29T04:20+01:00,764
2025-03-29T04:32+01:00,760
2025-03-29T04:43+01:00,756
2025-03-29T04:55+01:00,747
2025-03-29T05:07+01:00,735
2025-03-29T05:19+01:00,719
2025-03-29T05:31+01:00,701
2025-03-29T05:43+01:00,683
2025-03-29T05:56+01:00,663
2025-03-29T06:07+01:00,645
2025-03-29T06:20+01:00,627
2025-03-29T06:31+01:00,609
2025-03-29T06:44+01:00,592
2025-03-29T06:55+01:00,576
2025-03-29T07:07+01:00,561
2025-03-29T07:19+01:00,547
2025-03-29T07:31+01:00,533
2025-03-29T07:43+01:00,518
2025-03-29T07:56+01:00,505
2025-03-29T08:08+01:00,492
2025-03-29T08:20+01:00,480
2025-03-29T08:32+01:00,467
2025-03-29T08:43+01:00,457
2025-03-29T08:55+01:00,445
2025-03-29T09:07+01:00,434
2025-03-29T09:19+01:00,423
2025-03-29T09:31+01:00,413
2025-03-29T09:43+01:00,404
2025-03-29T09:55+01:00,393
2025-03-29T10:07+01:00,383
2025-03-29T10:20+01:00,373
2025-03-29T10:32+01:00,365
2025-03-29T10:44+01:00,357
2025-03-29T10:55+01:00,350
2025-03-29T11:07+01:00,343
2025-03-29T11:20+01:00,338
2025-03-29T11:31+01:00,336
2025-03-29T11:43+01:00,338
2025-03-29T11:55+01:00,354
2025-03-29T12:07+01:00,392
2025-03-29T12:18+01:00,432
2025-03-29T12:30+01:00,467
2025-03-29T12:43+01:00,495
2025-03-29T12:54+01:00,521
2025-03-29T13:08+01:00,555
2025-03-29T13:19+01:00,577
2025-03-29T13:31+01:00,594
2025-03-29T13:43+01:00,610
2025-03-29T13:56+01:00,624
2025-03-29T14:07+01:00,637
2025-03-29T14:19+01:00,650
2025-03-29T14:32+01:00,662
2025-03-29T14:44+01:00,673
2025-03-29T14:56+01:00,683
2025-03-29T15:08+01:00,694
2025-03-29T15:20+01:00,704
2025-03-29T15:31+01:00,713
2025-03-29T15:44+01:00,723
2025-03-29T15:55+01:00,731
2025-03-29T16:07+01:00,737
2025-03-29T16:19+01:00,742
2025-03-29T16:32+01:00,746
2025-03-29T16:44+01:00,747
2025-03-29T16:56+01:00,746
2025-03-29T17:08+01:00,742
